Symbol ,Series ,LTP ,%chng ,Mkt Cap (₹ Crores),Volume (Lakhs),Value (₹ Crores)
BSE,EQ,3263.3,-2.06,133104.81,14.3,467.39
GROWW,EQ,193.22,-2.75,121218.43,207.44,400.8
CUPID,EQ,264.43,-1.08,35556.86,130.11,355.79
IDEA,EQ,13.69,-0.15,148321.61,2452.15,334.23
INDOMIM,EQ,947,9.33,46827.34,34.41,320.5
NETWEB,EQ,5275,1.2,30036.21,4.34,225.51
PAYTM,EQ,1563.4,-1.06,100234.75,12.59,198.53
BHARTIARTL,EQ,1938.7,-1.55,1209756.69,9.95,193.53
HINDCOPPER,EQ,561.4,-1.96,54288.73,29.05,164.88
DIXON,EQ,14315,2.07,87524.96,1.1,156.89
UFLEX,EQ,612.7,4.55,4424.4,25.2,154.67
DHOOTTRANS,EQ,1217.5,2.57,24903.73,12.81,153.87
RELIANCE,EQ,1322.2,0.47,1789272.27,11.19,147.61
AEGISLOG,EQ,1352.1,5.04,47458.71,10.83,145.78
PARAS,EQ,1473.1,6.09,11871.32,9.01,130
HDFCBANK,EQ,725.95,-0.42,1118770.32,17.21,125.11
WELSPUNLIV,EQ,178.74,6.3,16886.51,68.65,120.76
VIKRAMSOLR,EQ,181.07,-1.11,6561.15,61.93,113.28
MOLBIO,EQ,1065.6,2.29,12279.97,10.42,110.08
DATAPATTNS,EQ,4660,2.9,26088.53,2.38,109.62
ETHOSLTD,EQ,2903.7,4.13,7769.63,3.64,107.77
CHENNPETRO,EQ,1434.7,3.78,21364.32,7.58,107.52
HAL,EQ,5105.5,0.92,341443.08,2.03,103.2
ICICIBANK,EQ,1412,-0.23,1013273.56,7.19,101.62
SOLARINDS,EQ,20263,1.32,183360,0.5,100.93
OBEROIRLTY,EQ,1885.3,-2.37,68549.93,5.04,96.34
INFY,EQ,1119.9,-1.75,454461.76,8.46,95.02
SYRMA,EQ,1507.3,2.79,29065.34,6.23,93.41
HFCL,EQ,226.36,3.13,34646.72,40.08,89.84
KERNEX,EQ,1826.9,4.29,3069.85,4.72,88.2
APARINDS,EQ,16280,-1.48,68168.16,0.5,83.43
TIINDIA,EQ,2841.8,3.66,55009.38,2.87,81.01
MOREPENLAB,EQ,90.8,1.09,4975.42,88.55,80.68
ZAGGLE,EQ,164.12,2.27,2206.73,50.01,80.6
LEAPIND,EQ,159.13,2.34,7010.26,50.05,80.43
IFCI,EQ,79.98,1.33,21549.13,100.21,80.17
HSCL,EQ,775.3,-1.54,39118.58,10.14,79.02
MRPL,EQ,184.48,4.14,32331.94,42.97,78.01
TFCILTD,EQ,123.12,2.36,5700.18,61.28,76.24
MANORAMA,EQ,1940,-0.17,12245.74,3.76,72.78
ETERNAL,EQ,319.2,0.38,308039.19,22.75,72.76
DIVISLAB,EQ,8598.5,1.38,228263.16,0.82,70.09
NELCO,EQ,976.9,-9.67,2229.13,6.98,69.37
BHEL,EQ,431.85,-0.94,150372.91,15.14,65.43
PWL,EQ,118.7,-1.06,34433.52,54.93,64.47
AMBER,EQ,7352.5,1.29,25930.63,0.87,64.13
ONGC,EQ,240.55,0.86,302618.62,25.74,61.88
ATHERENERG,EQ,1491.9,0.45,58854.44,4.14,61.7
TCS,EQ,2292.3,-0.9,829374.2,2.58,59.37
MCX,EQ,2941.2,0.28,74998.2,1.94,57
ANGELONE,EQ,284.55,-3.05,25998.98,18.89,53.92
RRKABEL,EQ,2857.1,3.95,32315.37,1.8,51.19
BEL,EQ,413.85,0.34,302515.2,12.3,50.8
BDL,EQ,1378.8,-0.09,50541.64,3.53,48.62
TDPOWERSYS,EQ,1569.9,1.36,24526.3,3.08,48.24
KALYANKJIL,EQ,609.35,-0.11,62930.68,7.76,47.35
SBIN,EQ,1060,-0.11,978445.46,4.36,46.37
ADANIENSOL,EQ,1590.5,0.09,194510.91,2.86,45.65
IPCALAB,EQ,1914.9,1.61,48581.82,2.4,45.48
PCBL,EQ,321.6,1.95,12653.76,13.16,42.32
AZAD,EQ,2871,-1,18541.42,1.47,42.02
JIOFIN,EQ,246.5,-1.3,162767.44,16.4,40.5
COLPAL,EQ,1905.9,-2.96,51837.74,2.1,40.49
TATASTEEL,EQ,186.63,0.34,232980.07,21.64,40.34
RATNAVEER,EQ,245.35,0.2,1752.45,16.25,39.95
ZENTEC,EQ,1918,2.87,17317.69,2.09,39.94
ZEEL,EQ,104.64,-0.22,10050.88,38.12,39.92
MAXHEALTH,EQ,997.7,-0.6,97103.49,3.92,38.9
INDSWFTLAB,EQ,337.8,7.92,2937.56,11.72,38.74
KAYNES,EQ,3700.7,1.36,24807.51,1.04,38.38
MOTHERSON,EQ,169.85,1.07,179259.93,22.56,38.3
APOLLOHOSP,EQ,8834.5,0.1,127026.56,0.43,37.96
INDIGO,EQ,5199,-1.45,201027.96,0.73,37.87
ASIANPAINT,EQ,2656.6,-1.15,254820.48,1.36,36.06
M&M,EQ,3421.9,0.93,425523.13,1.05,35.88
JYOTICNC,EQ,866,0.94,19694.84,4.04,35.13
LT,EQ,4056.5,-0.74,558120.08,0.86,34.94
CPPLUS,EQ,3339,-0.12,39500.52,1,33.1
DLF,EQ,660.15,-1.62,163407.92,4.93,32.76
AXISBANK,EQ,1232.6,0.43,383681.54,2.63,32.32
OIL,EQ,483.8,1.93,78695.28,6.59,31.82
MOTISONS,EQ,16.55,0.06,1882.57,191.21,31.63
MARKSANS,EQ,333.15,0.51,15097.15,9.36,31.1
BELRISE,EQ,235.5,-0.25,22776.43,13.09,30.81
AVALON,EQ,2109.8,2.45,14095.94,1.46,30.71
ITC,EQ,272.75,-0.11,341810.93,11.07,30.25
GESHIP,EQ,1313.8,3.05,18756.75,2.31,30.07
COFORGE,EQ,1782.9,-1.28,78919.85,1.68,30.06
SILVERBEES,EQ,222,-0.72,31781.38,13.48,29.92
SCHNEIDER,EQ,1257,3.7,30055.38,2.34,29.26
VOLTAS,EQ,1259.4,-0.6,41671.62,2.31,29.18
POWERINDIA,EQ,35450,0,158009.03,0.08,29.03
WELCORP,EQ,1915.7,1.79,50534.37,1.51,28.89
NEULANDLAB,EQ,23781,0.51,30510.76,0.12,28.83
KFINTECH,EQ,951.75,-2.18,16450.65,2.97,28.47
RBLBANK,EQ,377.8,-0.97,58563.08,7.48,28.44
COALINDIA,EQ,410.6,0.53,253041.63,6.93,28.38
KPITTECH,EQ,602.2,-1.12,16508.94,4.67,28.23
ASHOKLEY,EQ,175.95,-0.65,103350.47,15.98,28.12
FINCABLES,EQ,1305.1,-1.19,19960.11,2.13,28.12
LIQUIDBEES,EQ,1000,0,11198.07,2.77,27.74
RBA,EQ,102.82,3.24,7317.89,27.04,27.71
TMPV,EQ,329.75,-0.14,121451.53,8.36,27.61
RADICO,EQ,4656.2,-0.79,62384.88,0.58,27.17
SHRIRAMFIN,EQ,1115.8,-0.55,262541.99,2.41,26.92
KEI,EQ,5840,-0.56,55830.75,0.46,26.88
NESTLEIND,EQ,1470.4,0.03,283539.34,1.79,26.45
HEROMOTOCO,EQ,5749,0.07,115061.18,0.45,25.61
MAZDOCK,EQ,2572.6,0.11,103773.54,1,25.56
LENSKART,EQ,612.35,0.78,106470.56,4.17,25.5
COCHINSHIP,EQ,1484.2,1.81,39046.45,1.73,25.43
ADANIPOWER,EQ,204,0.22,393407.77,12.38,25.31
DECNGOLD,EQ,242.37,1.03,4796.54,10.35,25.24
HINDALCO,EQ,1045.85,-0.39,235026.19,2.41,25.21
UNIONBANK,EQ,187.28,-0.86,142962.17,13.35,25.21
PERSISTENT,EQ,5541.5,-0.51,87417.16,0.45,25.05
SONACOMS,EQ,820.4,1.9,51156.28,3.04,24.83
HCLTECH,EQ,1311.4,-1.03,355870.04,1.86,24.37
WIPRO,EQ,179.3,-1.43,177585.81,13.49,24.32
LIQUIDCASE,EQ,115.51,0.02,10316.25,20.93,24.18
LAURUSLABS,EQ,1809.8,0.01,97774.37,1.33,24.09
KWIL,EQ,38.95,0.41,9151.66,61.76,24
NEOGEN,EQ,2348.2,3.44,6429.76,1.03,23.94
PPLPHARMA,EQ,208,1.6,27692.04,11.44,23.38
VBL,EQ,441.5,1.76,149335.83,5.26,23.06
GRSE,EQ,2641.7,1.6,30261.2,0.88,23.05
RUBICON,EQ,1812.9,0.79,30009.28,1.23,22.2
BALUFORGE,EQ,517.85,0.88,6286.28,4.22,21.95
TITAN,EQ,5071.3,0.06,450223,0.43,21.88
SWIGGY,EQ,275.2,-1.29,75963.83,7.8,21.51
PAGEIND,EQ,37255,-0.28,41553.76,0.06,21.44
ADANIGREEN,EQ,1316.9,-0.81,216155.16,1.62,21.42
AEQUS,EQ,255.5,2.37,17135.51,8.35,21.38
BLUESTONE,EQ,838.35,0.44,12805.75,2.53,21.33
SUZLON,EQ,48.56,-0.9,66748.57,43.83,21.32
VAML,EQ,440.15,-0.31,172115.73,4.82,21.27
ADANIPORTS,EQ,1679.7,-0.67,386996.01,1.24,20.84
INDUSTOWER,EQ,374,-1.58,98667.29,5.53,20.82
PINELABS,EQ,161.75,-0.54,18663.65,12.71,20.75
BAJFINANCE,EQ,1090.4,0.1,678840.98,1.9,20.75
SAIL,EQ,173.67,0.04,71734.83,11.9,20.69
INOXWIND,EQ,76.79,-1.72,13271.14,26.59,20.52
GKSL,EQ,150.01,-0.89,1182.73,13.38,20.45
TRENT,EQ,2937.2,-0.3,156620.99,0.69,20.42
SUNPHARMA,EQ,1890,0.43,453463.63,1.08,20.42
TENNIND,EQ,557.05,1.57,22482.78,3.66,20.35
NXT-INFRA,IV,95.42,-0.08,5011.88,21.25,20.28
NAM-INDIA,EQ,1173,-2.47,74989.41,1.7,20.24
LTM,EQ,4627.5,-1.54,137261.52,0.44,20.2
PGEL,EQ,606.45,-1.23,17371.01,3.28,19.93
HINDZINC,EQ,565.25,-0.4,238836.16,3.47,19.64
MINDACORP,EQ,755.15,4.14,18054.08,2.6,19.43
CYIENTDLM,EQ,751.5,1.91,5965.66,2.58,19.42
MARUTI,EQ,13857,0.7,435667.65,0.14,19.14
PTCIL,EQ,20075,-2.47,30097.54,0.09,19.14
BAJAJ-AUTO,EQ,11733,0.6,322427.34,0.16,18.99
KPIGREEN,EQ,307.1,1.32,6070.51,6.11,18.99
APOLLO,EQ,387.1,0.01,14384.62,4.89,18.97
CGPOWER,EQ,895.3,-0.39,141050.04,2.11,18.94
TMCV,EQ,470,-0.09,173086.91,4.04,18.93
ADANIENT,EQ,3012.5,0.17,407720.67,0.62,18.63
TVSMOTOR,EQ,4397.9,0.27,208938.56,0.42,18.62
NATIONALUM,EQ,388.1,0.14,71279.68,4.79,18.59
GOLDBEES,EQ,126.26,-0.13,57575.52,14.61,18.45
BOSCHLTD,EQ,47360,0.83,139693.53,0.04,18.15
GODREJPROP,EQ,2001.7,-2.55,60296.4,0.89,18.04
IDEAFORGE,EQ,820,3.13,4074.94,2.2,18.02
PVRINOX,EQ,1212,1.68,11901.84,1.48,18
HDFCAMC,EQ,2510,-0.52,107625.48,0.69,17.47
CDSL,EQ,1343.9,-0.95,28087.51,1.28,17.29
LODHA,EQ,1229.9,-1.92,122882.89,1.39,17.24
LTF,EQ,308.9,-1.94,77411.76,5.49,17.09
MANIPALHOS,EQ,734.4,1.59,96601.3,2.33,17.02
CAMS,EQ,764.45,-1.52,18981.11,2.22,16.98
HYUNDAI,EQ,2205.8,0.72,179230.32,0.76,16.75
CANBK,EQ,129.87,-0.94,117800.55,12.84,16.73
YESBANK,EQ,22.72,-0.87,71312.63,73.15,16.68
BLUESTARCO,EQ,1505,-0.21,30945.03,1.1,16.65
GNFC,EQ,607.9,1.21,8932.52,2.67,16.26
SJS,EQ,2442,-3.65,7820.91,0.67,16.24
NIFTYBEES,EQ,276.54,-0.49,66780.72,5.83,16.13
GVT&D,EQ,4271.7,-0.43,109375.4,0.37,15.93
BECTORFOOD,EQ,257.79,0.98,7913.91,6.17,15.93
KRN,EQ,1480.9,-3.82,9693.75,1.06,15.85
HINDPETRO,EQ,369.95,-0.28,78718.79,4.27,15.76
HINDUNILVR,EQ,2045.9,-0.44,480702.88,0.77,15.75
MOTILALOFS,EQ,940.7,-1.5,56643.94,1.65,15.63
FORCEMOT,EQ,18463,-0.76,24062.67,0.08,15.56
TECHM,EQ,1589.6,-1.27,155794.28,0.98,15.56
KOTAKBANK,EQ,390.3,-0.61,388245.88,3.87,15.17
SAILIFE,EQ,1465.5,3.47,31111.82,1.03,15.01
ABCAPITAL,EQ,394.75,-0.99,108021.95,3.72,14.75
SHREEJISPG,EQ,611.55,1.62,9963.27,2.37,14.35
VEDL,EQ,268.5,-0.44,104993.92,5.31,14.28
POLYCAB,EQ,9297,-0.78,140084.05,0.15,14.21
BRITANNIA,EQ,5520,-0.02,132959.3,0.26,14.18
EICHERMOT,EQ,8057,0.09,221182.14,0.17,14.03
SHANTIGOLD,EQ,262.93,-1.47,1895.62,5.21,13.73
CHOLAFIN,EQ,1873.1,-0.62,159711.39,0.73,13.69
GMDCLTD,EQ,582.75,1.52,18531.45,2.3,13.38
PFC,EQ,375.65,0.33,123968.32,3.55,13.33
RAYMOND,EQ,653.9,0.93,4353.26,2.03,13.28
CUB,EQ,217.92,1.26,21591.24,6.04,13.2
INDUSINDBK,EQ,1016.6,0.59,79206.64,1.3,13.18
GAIL,EQ,172.2,0.06,113223.22,7.6,13.11
LGEINDIA,EQ,1662.4,-0.31,112839.12,0.79,13.07
TIMEX,EQ,562.65,3.94,5679.95,2.31,13
ICICIPRULI,EQ,504.8,-0.43,73236.98,2.55,12.86
IIFL,EQ,638,1.26,27139.31,2.01,12.85
PATANJALI,EQ,352,-0.54,38301.42,3.65,12.84
NMDC,EQ,84.42,-1.26,74220.52,15.15,12.81
LLOYDSENGG,EQ,92.85,1.8,13712.98,13.8,12.79
SHRIPISTON,EQ,4465.4,0.65,19670.01,0.28,12.68
OFSS,EQ,11736,-0.45,102191.82,0.11,12.62
ACE,EQ,1137.8,2.16,13549.29,1.1,12.5
ULTRACEMCO,EQ,11579,-0.87,341209.01,0.11,12.33
OLAELEC,EQ,39.07,-0.38,18083.19,30.98,12.13
IOC,EQ,138.93,0.23,196186.36,8.74,12.12
SMLMAH,EQ,5247,-1.39,7593.27,0.23,12.07
VOGL,EQ,37.82,0.42,14789.09,31.72,11.98
HONASA,EQ,472.55,-1.89,15406.27,2.49,11.87
GANDHAR,EQ,253.23,2.65,2478.6,4.68,11.85
CUMMINSIND,EQ,5458,0.15,151295.76,0.22,11.77
MUTHOOTFIN,EQ,2880.6,-0.27,115647.01,0.41,11.77
LUPIN,EQ,2238.7,-0.9,102361.18,0.52,11.73
NTPC,EQ,337.55,0.16,327310.97,3.45,11.65
SCI,EQ,291.7,1.85,13587.36,3.99,11.57
RHETAN,EQ,21.43,0.7,1707.7,53.46,11.45
WAAREEENER,EQ,2699.6,-0.27,77654.35,0.42,11.42
GRASIM,EQ,3269.7,0.59,222515.42,0.35,11.29
TARSONS,EQ,334.6,-7.44,1780.28,3.27,11.26
LASERPOWER,EQ,323.65,-0.22,4543.02,3.45,11.17
MIDHANI,EQ,434.7,1.42,8143.67,2.5,10.86
EXPLEOSOL,EQ,910.3,-1.38,1412.76,1.19,10.86
E2E,BE,677,-1.33,13916.74,1.6,10.83
ALKEM,EQ,5455.5,1.52,65228.69,0.2,10.78
UPL,EQ,566.65,-0.08,47834.85,1.9,10.78
VISL,EQ,38.18,0.55,14929.86,28.18,10.75
COHANCE,EQ,458.4,3.07,17538.26,2.36,10.75
TI,EQ,587.9,1.27,14548.99,1.83,10.75
TURTLEMINT,EQ,151.66,1.01,4466.07,7.13,10.68
GVPIL,EQ,708.65,-3.08,4764.07,1.49,10.59
LICI,EQ,411.75,0.43,520863.56,2.57,10.56
TVSMNCRPS,P1,10.5,0,1995.37,100.03,10.54
STLTECH,BE,660,2.73,33918.14,1.6,10.51
MANAPPURAM,EQ,346.5,-0.6,32548,2.97,10.31
MUNJALAU,EQ,120.96,1.04,1209.6,8.45,10.29
FCL,EQ,43.68,0.62,5086.54,23.37,10.23
DRREDDY,EQ,1183.1,-0.75,98748,0.86,10.2
ENRIN,EQ,3611,0.15,128595.11,0.28,10.16
RVNL,EQ,226.17,-0.71,47156.9,4.47,10.13
RISHABH,EQ,679.8,-2.13,2628.24,1.47,10.11
TATAELXSI,EQ,3705.8,-1.44,23073.06,0.27,10.11
NITINSPIN,EQ,593,7.09,3333.85,1.73,10.09
SIGMAADV,EQ,658.45,5,11604.5,1.55,10.07
SANSERA,EQ,3998.6,-0.08,24952.69,0.25,10.07
MAHABANK,EQ,81.49,0.48,62678.37,12.23,9.99
AARTIPHARM,EQ,876.05,1.64,7944.01,1.13,9.92
MTARTECH,BE,7101,0.62,21842.39,0.14,9.86
GODREJCP,EQ,921.6,-0.69,94307.78,1.06,9.86
BEML,EQ,1928.2,1.03,16059.78,0.51,9.8
ICIL,EQ,412.25,6.06,8164.79,2.41,9.76
UNOMINDA,EQ,1276,0.48,73684.66,0.77,9.76
MEESHO,EQ,192.26,-0.8,88892.75,5.04,9.72
RKFORGE,EQ,752.15,-0.38,13701.92,1.29,9.71
SBIFUNDS,EQ,560.9,0.66,114245.66,1.73,9.71
SBICARD,EQ,629.45,-1.92,59901.14,1.53,9.7
RECLTD,EQ,340.5,0.15,89661.28,2.83,9.64
AMAGI,EQ,581.35,0.06,12782.73,1.68,9.64
HAPPYFORGE,EQ,2273.2,3.42,21454.17,0.43,9.63
ATLANTAELE,EQ,1844.7,3.16,14185.12,0.52,9.53
YASHO,EQ,4554.7,4.41,5491.65,0.21,9.47
DMART,EQ,3960.3,-0.87,258308.97,0.24,9.47
PNB,EQ,116.9,-0.36,134352.51,8.06,9.45
AUROPHARMA,EQ,1641.6,0.88,94454.04,0.57,9.37
BHARATFORG,EQ,2082.3,-0.51,99537.83,0.45,9.33
HAPPSTMNDS,EQ,423.6,-0.75,6450.36,2.2,9.29
NSLNISP,EQ,40.9,-2.06,11986.18,22.51,9.23
ZYDUSLIFE,EQ,1136.8,0.47,113396.24,0.8,9.09
ABB,EQ,7680.5,0.27,162756.23,0.12,9.06
JUBLFOOD,EQ,506,-1.08,33388.17,1.78,9.06
PREMIERENE,EQ,1021.3,0.57,46362.07,0.88,9.04
TVSSRICHAK,EQ,4814.9,-1.11,3686.79,0.18,8.92
UNIMECH,EQ,1520.6,0.62,7733.3,0.57,8.77
TEJASNET,EQ,524.35,0.29,9332.07,1.65,8.7
SIEMENS,EQ,3946.3,0.08,140535.83,0.22,8.64
VIYASH,EQ,255.25,1.23,11151.25,3.37,8.6
UJJIVANSFB,EQ,71.88,-0.46,14006.11,11.75,8.47
MODISONLTD,BE,373.9,5,1213.31,2.26,8.42
PCJEWELLER,EQ,9.75,-0.41,9467.77,86.16,8.4
BAJAJCON,EQ,487.05,1.17,6361.77,1.72,8.4
GNA,EQ,578.3,2.98,2482.69,1.44,8.27
TATSILV,EQ,22.54,-0.7,5400.7,36.63,8.25
SHADOWFAX,EQ,257.6,-0.39,15077.84,3.18,8.24
JGCHEM,EQ,623.5,3.78,2443.25,1.31,8.18
ELGIEQUIP,EQ,625.65,0.23,19827.41,1.3,8.13
BANKBARODA,EQ,245.23,-0.54,126817.31,3.29,8.1
BIOCON,EQ,413.5,0.36,67387.85,1.95,8.09
BPCL,EQ,316.1,-0.17,137137.86,2.55,8.06
NAUKRI,EQ,1348.5,-0.54,87439.52,0.6,8.05
BATAINDIA,EQ,749.4,-1.15,9631.85,1.06,7.99
AHLUCONT,EQ,742.75,-6.44,4975.5,1.06,7.91
HEG,EQ,702.6,0.62,13558.6,1.12,7.87
QPOWER,EQ,1302.2,-0.03,10084.77,0.6,7.87
ASIANENE,EQ,429.3,0.95,2088.42,1.84,7.87
RAIN,EQ,205.69,-0.11,6918.29,3.81,7.86
PHOENIXLTD,EQ,1912.2,-0.91,68392.46,0.4,7.77
CONCORDBIO,EQ,1535.8,1.37,16066.96,0.5,7.75
TATAPOWER,EQ,379.6,-0.5,121295.09,2.03,7.73
URBANCO,EQ,144.47,-0.09,22279.88,5.33,7.73
UTLSOLAR,EQ,461,-0.73,14148.17,1.66,7.66
SKFINDIA,EQ,1666,0.8,8236.36,0.46,7.62
PURVA,EQ,222.17,-1.95,5268.75,3.36,7.58
SEDEMAC,EQ,3319.7,2.45,14663.28,0.23,7.52
WABAG,EQ,1905.6,0.42,11894.27,0.39,7.45
BANDHANBNK,EQ,172.4,-0.49,27775.38,4.27,7.38
GPPL,EQ,162.55,1.87,7858.32,4.54,7.37
JSWSTEEL,EQ,1282.5,0.37,313629.47,0.57,7.34
AJANTPHARM,EQ,3777.1,1.58,47198.27,0.19,7.3
AKUMS,EQ,751.85,1.06,11833.67,0.96,7.27
JYOTHYLAB,EQ,210.78,-1.47,7740.15,3.39,7.24
FIRSTCRY,EQ,210.72,1.11,11001.44,3.41,7.23
LICHSGFIN,EQ,496.95,-0.26,27335.38,1.45,7.21
SHILPAMED,EQ,820.05,1.33,16038.69,0.88,7.16
BAJAJHIND,EQ,18.57,3.57,4439.47,38.85,7.11
APOLLOPIPE,EQ,553.7,1.54,2438.95,1.27,7.04
DHAMPURSUG,EQ,174.94,2.38,1124.98,4.01,7.02
TATATECH,EQ,835.75,-0.7,33935.78,0.84,7
ENGINERSIN,EQ,245.01,2.01,13770.6,2.85,6.94
GODFRYPHLP,EQ,2115.9,-0.71,33004.18,0.33,6.92
IRFC,EQ,86.53,-0.6,113081.78,7.93,6.88
WOCKPHARMA,EQ,1882,-0.88,30579.78,0.36,6.83
ASTRAMICRO,EQ,1734.4,1.6,16467.26,0.39,6.82
PNBHOUSING,EQ,1134.4,-1.43,29561.32,0.6,6.8
JINDALSTEL,EQ,1114.3,-0.16,113668.42,0.61,6.77
DELHIVERY,EQ,455.05,-0.21,34090.84,1.48,6.74
GPIL,EQ,248.44,-0.95,16722.43,2.69,6.71
HAVELLS,EQ,1302.2,0.25,81721.08,0.51,6.64
NGLFINE,EQ,3214,10.57,1985.62,0.21,6.64
TIIL,EQ,3161,2.06,7166.87,0.21,6.57
SENORES,EQ,1547.4,0.11,7126.33,0.42,6.55
KMEW,EQ,2715,-1.51,6678.9,0.24,6.53
RENUKA,EQ,23.83,3.61,5072.19,27.6,6.47
BLS,EQ,275.48,1.07,11342.64,2.35,6.47
LLOYDSENT,EQ,78.4,3.64,11949,8.32,6.47
AXISCADES,EQ,1600,3,6805.36,0.41,6.46
DCMSHRIRAM,EQ,1028,0.94,16030.87,0.62,6.43
CEMPRO,EQ,1324.9,0.23,22760.14,0.48,6.42
HBLENGINE,EQ,672.2,-0.36,18633.04,0.94,6.35
NAVA,EQ,563.9,0.76,15972.75,1.11,6.26
FORTIS,EQ,915.7,0.76,69131.52,0.68,6.23
MARINE,EQ,375.75,2.36,5258.41,1.66,6.22
MFSL,EQ,1549.4,-1.42,53472.08,0.4,6.2
PIIND,EQ,2464.1,-0.32,37384.86,0.25,6.2
SBILIFE,EQ,1780.4,-0.56,178620.6,0.35,6.2
POWERGRID,EQ,266.8,0.24,248140.11,2.32,6.2
ASAHIINDIA,EQ,937.5,0.68,23899.42,0.66,6.17
SHYAMMETL,EQ,998.4,1.17,27868.52,0.62,6.16
PICCADIL,EQ,690.4,-0.73,6805.42,0.87,6.12
NBCC,EQ,88.95,-0.89,24016.5,6.84,6.11
GLAND,EQ,2910.4,0.01,48011.9,0.21,6.11
FEDERALBNK,EQ,352.95,-0.32,87202.46,1.72,6.1
APLAPOLLO,EQ,2089.2,0.38,58008.39,0.29,6.1
BAJAJFINSV,EQ,1999,-0.3,320252.06,0.3,6.07
BANKINDIA,EQ,142.64,-0.77,64939.25,4.23,6.07
HDFCLIFE,EQ,538.2,-0.88,116922.6,1.12,6.06
ZENSARTECH,EQ,485.2,-1.13,11040.97,1.23,6.01
DIVGIITTS,EQ,1290.3,0.46,3946.12,0.47,5.99
MVELECTRO,EQ,580,1.74,1582.4,1.03,5.98
GLENMARK,EQ,2324.6,-0.19,65600.4,0.26,5.97
NUVAMA,EQ,1701.8,-1.7,31247.69,0.34,5.84
VGUARD,EQ,343.1,-0.25,14990.55,1.69,5.83
EMIL,EQ,193.24,0.43,7434.89,3.01,5.8
ANANTRAJ,EQ,624,-0.57,22456.32,0.92,5.78
SOUTHBANK,EQ,45.04,-0.4,11792.31,12.75,5.76
ITBEES,EQ,33.81,-1.26,3741.13,16.94,5.73
DABUR,EQ,404.45,-0.58,71747.5,1.4,5.7
THERMAX,EQ,4129.2,-0.29,49202.02,0.14,5.67
MMFL,EQ,649.55,2.73,3136.13,0.87,5.65
MPHASIS,EQ,2478.7,-1.25,47312.62,0.23,5.65
TATACOMM,EQ,1690,-1.28,48167.83,0.33,5.62
IREDA,EQ,115.75,-0.94,32516.85,4.77,5.54
TATAGOLD,EQ,14.84,-0.07,6159.01,37.12,5.51
DALMIASUG,EQ,464.65,1.1,3760.84,1.18,5.44
ANTHEM,EQ,890.5,-0.84,50171.48,0.61,5.42
REDINGTON,EQ,333,0.06,26033.09,1.61,5.39
AEGISVOPAK,EQ,276.5,2.6,30635.96,1.95,5.36
THANGAMAYL,EQ,5378,0.78,16715.91,0.1,5.36
CESC,EQ,169.59,-0.37,22480.35,3.15,5.36
CEIGALL,EQ,309,-2.2,5382.93,1.74,5.35
PETRONET,EQ,282.9,0.39,42435,1.87,5.32
PAKKA,EQ,94.76,6.14,425.93,5.78,5.31
ARE&M,EQ,941.15,-0.48,17225.43,0.56,5.31
CENTUM,EQ,3425.1,1.86,5055.11,0.16,5.3
KTKBANK,EQ,308.1,0.52,11655.39,1.72,5.29
EXIDEIND,EQ,472.15,-0.75,40132.75,1.11,5.28
SAMMAANCAP,EQ,152.43,-0.59,17705.4,3.45,5.28
POLICYBZR,EQ,1730.3,0.13,80060.09,0.3,5.25
BALRAMCHIN,EQ,661.15,0.82,13981.15,0.79,5.24
ASIANTILES,EQ,46.59,-2.88,1381.28,11.15,5.22
KRBL,EQ,394.7,-0.25,9034.28,1.31,5.21
HCC,EQ,20.15,-0.89,5278.23,25.71,5.2
FLUOROCHEM,EQ,4733.9,0.56,52001.89,0.11,5.19
MANINDS,EQ,629.65,-0.11,4722.98,0.82,5.16
PREMIERPOL,EQ,83.24,-0.42,871.88,5.98,5.09
PIDILITIND,EQ,1659.7,-0.56,168922.66,0.3,5.06
SKYGOLD,EQ,778.35,0.25,12054.61,0.64,4.98
TECHNOCRAF,EQ,297.17,-0.92,1176.98,1.68,4.98
TORNTPHARM,EQ,4913,0.27,186870.01,0.1,4.97
AVADHSUGAR,EQ,733.2,1.1,1467.75,0.68,4.96
IDFCFIRSTB,EQ,84.83,-0.26,73133.81,5.82,4.95
GOLDIAM,EQ,367.1,-1.95,5526.95,1.33,4.93
ARDEE,EQ,61.5,-1.35,1938.49,7.98,4.92
GENUSPOWER,EQ,316.8,-0.46,9638.41,1.55,4.89
MANKIND,EQ,2368.8,-0.51,97830.49,0.21,4.89
TANLA,EQ,564,-1.66,7479.62,0.86,4.87
NAVINFLUOR,EQ,8218.5,0.83,42147.98,0.06,4.84
ROLEXRINGS,EQ,179.63,0.09,4712.29,2.68,4.79
JSL,EQ,744,0,61336.82,0.64,4.78
SRF,EQ,2615.7,-0.01,77535.84,0.18,4.67
TIMETECHNO,EQ,188.74,-0.46,9316.87,2.45,4.66
FILATEX,EQ,84,1.55,3730.09,5.54,4.65
JPPOWER,EQ,17.3,-0.52,11856.48,26.73,4.63
NHPC,EQ,76.32,-0.37,76663.71,6.03,4.61
RPOWER,EQ,22.48,-1.06,9297.21,20.24,4.57
J&KBANK,EQ,148.1,0.09,16308.51,3.08,4.57
ICICIAMC,EQ,3130,-0.19,154702.92,0.15,4.56
JSWINFRA,EQ,333.25,-0.64,77647.3,1.36,4.55
INDIANB,EQ,877.6,-0.41,118209.56,0.51,4.49
ICICIGI,EQ,1619.5,-0.42,80898.44,0.28,4.48
SUDARSCHEM,EQ,1112,1.75,8852.36,0.4,4.45
SETL,EQ,305.85,-0.92,6101.45,1.43,4.43
DCXINDIA,EQ,178.68,3.09,1990.25,2.49,4.43
PRAJIND,EQ,338.3,1.27,6218.4,1.31,4.41
360ONE,EQ,1156.9,-1.37,47073.01,0.38,4.39
MARICO,EQ,850.65,-0.16,110447.36,0.51,4.39
VARROC,EQ,850.7,0.35,12997.54,0.51,4.37
AUBANK,EQ,1069.5,-0.25,80205.1,0.4,4.33
HLEGLAS,EQ,305.6,-2.86,2122.54,1.41,4.32
SBC,EQ,38.79,0.1,1847.14,11.12,4.32
UNITDSPR,EQ,1538.8,-0.4,111924.75,0.28,4.29
GMRAIRPORT,EQ,101.4,0.09,107068.02,4.21,4.28
HDFCSILVER,EQ,222,-0.73,7585.32,1.91,4.24
AEROFLEX,EQ,458.95,0.68,6073.32,0.91,4.19
SBCL,EQ,1022.45,-0.21,5889.74,0.4,4.17
BBOX,EQ,769.55,-0.59,13667.15,0.54,4.13
NYKAA,EQ,326.4,-0.2,93484.68,1.26,4.12
LCL,EQ,546.15,-0.01,5770.07,0.73,4.03
SSWL,EQ,316.5,2.26,4977.44,1.27,4
JSWENERGY,EQ,552.6,-0.52,101318.26,0.72,4
SUVEN,EQ,327.15,-1.77,8636.52,1.22,4
TRIVENI,EQ,281.17,0.55,6104.77,1.42,3.99
GRAPHITE,EQ,732.1,0.36,14303.45,0.54,3.97
POONAWALLA,EQ,500.2,0.55,44043.22,0.79,3.96
GOLDIETF,EQ,130.78,-0.18,28032.42,3.01,3.94
JINDRILL,EQ,604.25,3.08,1751.18,0.65,3.91
ARVIND,EQ,546.35,-1.08,14862.94,0.71,3.91
TARIL,EQ,298.1,0.61,8947.94,1.31,3.91
NAZARA,EQ,349.5,-0.17,12947.75,1.12,3.9
KARURVYSYA,EQ,333.05,-0.28,32191.32,1.16,3.87
AMBUJACEM,EQ,413.15,-0.51,102660.22,0.93,3.86
DOLPHIN,EQ,581.1,0.74,2324.67,0.66,3.85
BANCOINDIA,EQ,628.1,2.77,8984.17,0.61,3.83
PANAMAPET,EQ,497,2.03,3006.53,0.77,3.83
SEAMECLTD,EQ,1582.3,1.36,4023,0.24,3.82
GOODLUCK,EQ,1344,2.51,4467.26,0.29,3.82
FIEMIND,EQ,2252.1,-1.3,5927.45,0.17,3.79
GALAXYSURF,EQ,2402.3,-0.06,8517.3,0.16,3.79
BHAGYANGR,EQ,386.15,0.95,1235.49,0.97,3.78
CPSEETF,EQ,94.14,0.41,19341.08,4,3.75
ASTERDM,EQ,818.95,-0.1,71385.61,0.45,3.74
MRF,EQ,133305,0.22,56536.56,0,3.73
ASTRAL,EQ,1528,-0.67,41049.74,0.24,3.72
PRIVISCL,EQ,3470.9,0.63,13558.27,0.11,3.66
TATACONSUM,EQ,1070.9,-0.16,105944.3,0.34,3.63
CARTRADE,EQ,2784.4,-0.45,13507.69,0.13,3.63
HONAUT,EQ,36305,-0.26,32099.15,0.01,3.63
UTTAMSUGAR,EQ,290.46,2.64,1107.76,1.26,3.62
PRESTIGE,EQ,1569.7,-1.39,67611.72,0.23,3.61
SUPREMEIND,EQ,3604.4,0.4,45785.57,0.1,3.59
TBOTEK,EQ,1674.5,-1.5,18183.02,0.21,3.59
VMM,EQ,105.35,-0.14,49354.46,3.38,3.57
CIPLA,EQ,1433.4,0.13,115797.67,0.25,3.55
MOIL,EQ,269.8,-1.1,5490.03,1.31,3.55
ATGL,EQ,647.55,0.1,71218.2,0.54,3.54
SAGILITY,EQ,42.3,-0.24,19802.02,8.29,3.52
KRISHANA,EQ,187.63,0.19,5800.36,1.89,3.52
SILVERIETF,EQ,231.83,-0.66,14836.18,1.51,3.51
AVTNPL,EQ,91.04,3.34,1386.39,3.85,3.48
PRICOLLTD,EQ,804.35,-0.27,9803.54,0.43,3.46
ACUTAAS,EQ,3222.7,0.77,26384.61,0.11,3.45
OMNI,EQ,572.7,1.46,7082.35,0.6,3.43
CAPLIPOINT,EQ,2537.3,0.61,19286.45,0.13,3.42
EMBASSY,RR,440,-0.07,41707.32,0.78,3.42
RICOAUTO,EQ,135.41,1.89,1831.89,2.54,3.42
CMSINFO,EQ,251.75,-1.02,4029.6,1.35,3.4
AFFLE,EQ,1706,0.12,24034.02,0.2,3.35
ENDURANCE,EQ,2990,0.4,42058.19,0.11,3.35
LEMONTREE,EQ,108.96,-0.54,8632.32,3.07,3.35
EMMVEE,EQ,321.75,0.31,22276.2,1.04,3.34
SHAILY,EQ,3398.7,0.07,15632.4,0.1,3.3
BI,EQ,97.94,6.26,230.6,3.31,3.3
TATACAP,EQ,357.35,-0.53,151690.4,0.92,3.3
M&MFIN,EQ,387.2,-0.44,53819.68,0.85,3.29
LATENTVIEW,EQ,283.85,-0.58,5873.57,1.14,3.27
ROSSTECH,EQ,1115.45,0.59,4204.85,0.29,3.21
GUJENERGY,EQ,273.85,-0.96,25693.45,1.16,3.19
ABDL,EQ,612.8,0.35,17140.64,0.52,3.19
NATCOPHARM,EQ,896.45,0.75,16056.3,0.36,3.18
ELECON,EQ,439.55,0.3,9863.5,0.73,3.18
BORORENEW,EQ,574.5,0.81,8059.27,0.55,3.16
TITAGARH,EQ,817.4,-0.43,11008.23,0.38,3.15
BANKBEES,EQ,595.02,-0.57,8357.61,0.53,3.15
APCOTEXIND,EQ,617.8,2.04,3202.98,0.51,3.11
BLUEJET,EQ,595,0.3,11261.9,0.52,3.11
VEDPOWER,EQ,36.62,0.08,14319.84,8.47,3.1
OLECTRA,EQ,1324.9,0.36,10874.88,0.23,3.1
CMPDI,EQ,235.25,0.03,16796.85,1.31,3.08
LUMAXTECH,EQ,2039,-0.49,13897.36,0.15,3.07
MSTCLTD,EQ,655.1,0.29,4611.9,0.46,3.05
ALPEXSOLAR,SM,822,6.35,2099.63,0.38,3.03
CROMPTON,EQ,244.4,-0.85,15737.28,1.23,3.02
GICRE,EQ,357.2,0.48,62667.17,0.84,3.01
MODEFENCE,EQ,109.16,0.87,1377.6,2.76,3
SONATSOFTW,EQ,316.7,-1.15,8881.05,0.95,3
BSOFT,EQ,308.6,-0.71,8628.44,0.97,3
BAJAJHFL,EQ,84.71,0.85,70583.21,3.53,2.99
INDHOTEL,EQ,715.3,-0.65,101818.11,0.42,2.98
NRBBEARING,EQ,487.4,0.69,4724.01,0.61,2.97
SHREECEM,EQ,24595,0.24,88740.6,0.01,2.96
KPIL,EQ,1400.6,-0.26,23918.4,0.21,2.95
DEVYANI,EQ,142.7,-0.66,17594.05,2.05,2.94
IOLCP,EQ,161.11,-0.11,4729.02,1.82,2.93
KEC,EQ,434,-0.54,11553.08,0.67,2.92
IBULLSLTD,EQ,28.25,1.51,6580.96,10.35,2.89
LMW,EQ,20001,-0.23,21367.07,0.01,2.89
SANGHVIMOV,EQ,514.35,1.46,4453.04,0.56,2.87
NEWGEN,EQ,528.7,-1.15,7534.5,0.54,2.85
APTUS,EQ,258.15,1.16,12928.61,1.1,2.84
MOSCHIP,EQ,209.36,-1.11,4076.5,1.35,2.84
LLOYDSME,EQ,1933.8,-0.42,108854.95,0.15,2.82
DWARKESH,EQ,46.12,2.63,854.61,6.13,2.8
KPEL,EQ,243.55,-0.08,1651.22,1.13,2.8
GRANULES,EQ,861.05,-0.06,21336.55,0.32,2.79
WSTCSTPAPR,EQ,613.85,1.38,4054.41,0.46,2.78
WEBELSOLAR,EQ,84.3,1.81,3660,3.32,2.78
CARBORUNIV,EQ,1129.2,0.58,21510.53,0.24,2.76
DEEPAKFERT,EQ,1508,0.35,19036.66,0.18,2.75
FSL,EQ,265.7,-0.77,18519.05,1.03,2.75
JAYNECOIND,EQ,89.01,0.79,8642.86,3.08,2.74
DALBHARAT,EQ,1843.4,-0.03,34575.91,0.15,2.69
EDELWEISS,EQ,122.62,-0.04,11606.37,2.18,2.69
VIJAYA,EQ,1505.4,-0.08,15505.28,0.18,2.65
IEX,EQ,124.44,-0.69,11096.22,2.13,2.65
ABFRL,EQ,55,-0.52,6712.81,4.8,2.65
DEEPAKNTR,EQ,1767,-0.76,24100.65,0.15,2.64
NIACL,EQ,182.9,-0.4,30141.92,1.44,2.64
GENESYS,EQ,169.45,-0.82,708.14,1.54,2.62
KSCL,EQ,760,-1.59,3909.37,0.35,2.62
PRECWIRE,EQ,456.2,-0.34,8339.7,0.58,2.62
JAINREC,EQ,300,-0.63,10352.57,0.87,2.62
MASTEK,EQ,1790.9,-1.15,5552.22,0.15,2.61
TEGA,EQ,1729.9,-0.81,12996.34,0.15,2.6
KPL,EQ,3576.1,-0.61,3710.63,0.07,2.57
PTC,EQ,159.71,-0.57,4727.55,1.6,2.56
EPACKPEB,EQ,218.85,-1.22,2202.26,1.16,2.56
FLYSBS,SM,530,0.57,917.1,0.48,2.56
STALLION,BE,240,-0.37,2786.06,1.07,2.54
INOXINDIA,EQ,1972.9,1.13,17906.73,0.13,2.54
POLYMED,EQ,1746.6,0.75,17703.45,0.15,2.54
BAJAJHLDNG,EQ,11336,-0.38,126162.32,0.02,2.51
TASTYBITE,EQ,10299,2.84,2642.72,0.02,2.51
BAJAJELEC,EQ,368.45,3.08,4251.65,0.69,2.51
THOMASCOTT,EQ,280.25,-6.92,411.14,0.87,2.48
ESCONET,SM,173.65,-9.56,229.15,1.41,2.47
CONCOR,EQ,519.4,-0.97,39558.44,0.47,2.46
ANANDRATHI,EQ,2182.2,0.28,36233.53,0.11,2.45
IRCTC,EQ,498.3,-0.33,39864,0.49,2.43
AVANTIFEED,EQ,871.5,-0.47,11873.81,0.28,2.43
INDIGOPNTS,EQ,1144.4,-1.43,5462.52,0.21,2.41
AVANTEL,EQ,159.56,1.3,4239.68,1.52,2.41
GSFC,EQ,160.34,0.29,6389.19,1.49,2.39
GRWRHITECH,EQ,7041,0.16,16357.93,0.03,2.38
SAPPHIRE,EQ,232.62,-0.88,7476.01,1.02,2.37
GABRIEL,EQ,1457,1.01,25822.41,0.16,2.37
CMRGREEN,EQ,219,1.9,4797.32,1.08,2.37
CHAMBLFERT,EQ,434.65,-1,17414.27,0.54,2.37
JUNIORBEES,EQ,807.08,-0.15,8878.46,0.29,2.36
ACC,EQ,1309.2,-0.56,24585.11,0.18,2.36
UNIVCABLES,EQ,1728.8,0.24,5998.14,0.14,2.35
ATUL,EQ,6683.5,-0.56,19677.4,0.03,2.34
THYROCARE,EQ,607.5,-1.79,9669.29,0.38,2.33
CRAFTSMAN,EQ,10576,0.92,27660.93,0.02,2.33
BETA,EQ,2439.5,0.27,2704.4,0.09,2.33
BLISSGVS,BE,511.55,-1.72,5434.91,0.45,2.3
LIQUIDIETF,EQ,1000.01,0,1102.75,0.23,2.28
KIRLOSENG,EQ,2089.1,-0.59,30400.55,0.11,2.28
CAMLINFINE,EQ,114.35,0.21,2196.62,1.99,2.26
AARTIIND,EQ,524,-0.51,19006.87,0.43,2.26
PARADEEP,EQ,147.07,0.28,15268.37,1.54,2.25
SURYAROSNI,EQ,224.17,1.31,4878.74,1,2.25
HUDCO,EQ,187,-1.06,37435.53,1.19,2.24
MGL,EQ,1103,-0.73,10895.19,0.2,2.23
NH,EQ,1825.4,-0.17,37304.02,0.12,2.23
SWARAJ,EQ,372.65,0.91,984.48,0.6,2.22
DYCL,EQ,466.7,0.29,2261.56,0.48,2.22
APEX,EQ,413.75,-2.08,1292.97,0.53,2.21
SENCO,EQ,340.45,-0.32,5580.01,0.65,2.21
IDBI,EQ,81.9,-0.34,88062.17,2.69,2.2
GREAVESCOT,EQ,195.33,0.16,4550.24,1.12,2.2
63MOONS,EQ,770.1,-1.3,3548.51,0.28,2.19
ELLEN,EQ,332.75,1.36,4689.63,0.65,2.17
KSHINTL,EQ,1013.25,-0.89,6865.35,0.21,2.15
STYLAMIND,EQ,3561,-0.6,6035.2,0.06,2.15
JINDALSAW,EQ,269.8,-0.22,17253.93,0.79,2.12
ONESOURCE,EQ,1560.2,0.13,17890.81,0.13,2.08
KIMS,EQ,806.5,0.76,33873.52,0.26,2.07
OSWALPUMPS,EQ,298.45,-1.83,3402.48,0.69,2.07
AWL,EQ,191.58,-0.91,24899.24,1.08,2.07
BHARTIHEXA,EQ,1603.1,-2.31,80155,0.13,2.06
SAATVIKGL,EQ,410.2,1.88,5213.85,0.5,2.06
HINDOILEXP,EQ,158.3,2.2,2093.41,1.31,2.06
JKPAPER,EQ,377,-0.98,6835.72,0.55,2.06
AFCONS,EQ,272,0.11,10003.74,0.75,2.06
DEEPINDS,EQ,682.75,0.3,4369.6,0.3,2.06
SOLEX,EQ,804.25,1.93,868.79,0.25,2.06
CGCL,EQ,227.33,0.48,21872.65,0.9,2.05
EIMCOELECO,EQ,2168.5,-0.94,1250.87,0.09,2.04
POLYPLEX,EQ,1213,0.18,3807.91,0.17,2.04
GOKEX,EQ,803.6,-0.06,5888.27,0.25,2.04
DCBBANK,EQ,181.45,-1.43,5845.39,1.11,2.03
EMCURE,EQ,1868.4,-0.29,35439.84,0.11,2.02
SOMANYCERA,EQ,517.8,-0.21,2123.64,0.39,2.02
EMSLIMITED,EQ,375,1.6,2082.41,0.54,2.02
CSBBANK,EQ,318.05,-0.59,5517.72,0.63,2.01
YATHARTH,EQ,848.65,0.69,8177.11,0.24,2.01
MAWANASUG,EQ,126.93,2.31,496.51,1.58,2
BASF,EQ,4020.9,-0.5,17404.72,0.05,2
SKIPPER,EQ,535.55,0.91,6046.58,0.37,2
EBGNG,EQ,588.55,-0.75,6710.15,0.34,1.99
SARDAEN,EQ,518.55,-0.5,18272.73,0.38,1.98
JKCEMENT,EQ,5363.5,0.44,41442.83,0.04,1.97
NLCINDIA,EQ,276.15,-0.54,38291.97,0.71,1.97
EQUITASBNK,EQ,74.48,-0.59,8520.01,2.62,1.96
SUNDRMFAST,EQ,1226.4,0.96,25770.14,0.16,1.95
KINGFA,EQ,5985,-1.68,8110.5,0.03,1.95
INTELLECT,EQ,686.8,-1.24,9633.52,0.28,1.95
COSMOFIRST,EQ,972.6,0.8,2553.05,0.2,1.95
ABREL,EQ,1384.1,-1.28,15459.8,0.14,1.94
SUPRIYA,EQ,788.95,0.63,6349.69,0.25,1.94
LALPATHLAB,EQ,1881.8,0.24,31585.79,0.1,1.94
SETFNIF50,EQ,261.33,-0.53,215279.83,0.74,1.93
POCL,EQ,496.05,1.91,3783.78,0.39,1.92
LTTS,EQ,3541.5,0.37,37567.36,0.05,1.92
SGMART,EQ,753.05,0.1,9491.08,0.26,1.91
DBOL,EQ,125.98,4.05,836.35,1.52,1.91
GRAVITA,EQ,1815.7,-0.33,13401.4,0.1,1.9
SHILCTECH,EQ,3930.9,1.55,4497.03,0.05,1.9
KHAICHEM,EQ,62.62,4.8,607.35,3.06,1.89
TCPLPACK,EQ,4145,2.66,3771.95,0.05,1.89
STYLEBAAZA,EQ,402.65,4.99,3064.87,0.47,1.89
JUSTDIAL,EQ,668.3,-1.76,5683.83,0.28,1.89
EIDPARRY,EQ,788.05,-0.51,14023.8,0.24,1.87
ESCORTS,EQ,3114.9,-0.6,34848.8,0.06,1.87
HDFCSML250,EQ,185.11,-0.05,2577.5,1.01,1.87
RTNPOWER,EQ,8.24,-1.32,4424.97,22.62,1.87
JMFINANCIL,EQ,126.71,-0.94,12125.64,1.46,1.86
CENTRALBK,EQ,31.16,-0.35,28204.17,5.89,1.84
BHARATSE,EQ,242.41,1.66,1522.33,0.75,1.83
VISAKAIND,EQ,95.45,3.75,824.73,1.9,1.83
PREMEXPLN,EQ,674.4,0.26,3625.65,0.27,1.83
BALAMINES,EQ,2127.9,0.13,6894.61,0.08,1.81
SUNDARMFIN,EQ,4559.6,0.79,50658.92,0.04,1.8
EMAMILTD,EQ,400.6,-0.96,17486.19,0.44,1.77
PRAKASH,EQ,133.65,-0.58,2393.43,1.3,1.76
JWL,EQ,251.05,-0.63,10729.13,0.7,1.75
AGIIL,EQ,298.7,-0.93,3733.67,0.59,1.75
CLEAN,EQ,839,-0.12,8917.1,0.21,1.75
PARAGMILK,EQ,210.69,1.64,2646.47,0.82,1.74
NETWORK18,EQ,28.47,-1.66,4390.07,6.02,1.73
CMLL,EQ,518.5,0.61,3389.73,0.33,1.72
RATEGAIN,EQ,940,-1,11132,0.18,1.71
JNPR,EQ,242.14,0.19,13777.73,0.7,1.7
ECLERX,EQ,1823.3,-1.38,17148.27,0.09,1.69
MACPOWER,EQ,1860,4.41,1860.77,0.09,1.69
PGHH,EQ,8354,-0.13,27117.7,0.02,1.68
DIACABS,BE,360,0.03,21530.56,0.46,1.68
AGARWALEYE,EQ,500.1,-0.3,15854.48,0.34,1.68
ASHAPURMIN,EQ,614.7,0.41,5871.99,0.27,1.67
JAMNAAUTO,EQ,123.54,0.17,4941.42,1.35,1.67
ZEEMEDIA,EQ,9.46,-2.47,620.04,17.54,1.67
EBBETF0430,EQ,1612.97,0.09,25038.22,0.1,1.66
TATAINVEST,EQ,653.95,-0.09,33086.65,0.25,1.66
NCC,EQ,139.78,0.27,8776.04,1.18,1.65
EMBDL,EQ,63.1,-0.02,8774.9,2.59,1.64
AURIONPRO,EQ,722.25,-0.07,3991.27,0.23,1.63
PSUBNKBEES,EQ,96.98,-0.69,4094.26,1.67,1.62
NIBE,EQ,1455.3,1.13,2174.4,0.11,1.62
VADILALIND,EQ,7400,-0.15,5318.99,0.02,1.62
SANDUMA,EQ,201.33,0.22,9786.75,0.8,1.61
KRISHNADEF,EQ,1098.8,3.42,1642.46,0.15,1.61
ICRA,EQ,5034.3,-0.36,4858.72,0.03,1.61
GODREJAGRO,EQ,593.45,-0.59,11415.6,0.27,1.6
PNGSREVA,EQ,592.05,2.71,1876.7,0.27,1.6
SOLARWORLD,EQ,159.25,3.6,1380.26,1.01,1.6
SOUTHWEST,EQ,231.48,2.3,690.51,0.68,1.59
JINDWORLD,EQ,35.93,0.84,3602.35,4.39,1.57
DENTA,EQ,282.65,-1.53,754.68,0.55,1.56
JKTYRE,EQ,382.6,0.16,11029.96,0.41,1.56
CEATLTD,EQ,3624.5,0.44,14661.14,0.04,1.55
THELEELA,EQ,507.9,0.97,16961.72,0.3,1.55
KNRCON,EQ,134.6,0,3785.42,1.15,1.54
JSLL,EQ,514.85,-0.47,6399.62,0.3,1.54
UGARSUGAR,EQ,53.64,2.8,603.45,2.89,1.54
SULA,EQ,150,0.58,1266.71,1.02,1.54
LTFOODS,EQ,419.35,0.53,14562.05,0.37,1.54
STAR,EQ,977,-1.02,9005.27,0.16,1.53
GANECOS,EQ,1102,0.07,2952.92,0.14,1.53
RATNAMANI,EQ,2383.7,1.28,16707.83,0.06,1.52
KDDL,EQ,4108.8,0.59,5053.53,0.04,1.52
MBAPL,EQ,163.61,-0.68,7168.32,0.92,1.51
OMAXE,EQ,101.69,0.85,1859.92,1.48,1.51
ZYDUSWELL,EQ,506,-0.81,16098.93,0.3,1.51
GOLDCASE,EQ,24.06,0,2517.73,6.25,1.5
SBISILVER,EQ,227.4,-0.79,6031.36,0.66,1.5
KIRLPNU,EQ,772,0.63,10030.32,0.19,1.49
POWERICA,EQ,569,1.54,7200.8,0.26,1.49
SIRCA,EQ,441.7,0.51,2508.54,0.34,1.49
TNPETRO,EQ,116.3,1.87,1046.37,1.28,1.49
TIPSMUSIC,EQ,650,-0.95,8309.05,0.23,1.49
LIQUID,EQ,999.99,0,513.33,0.15,1.48
HINDADH,EQ,381,13.54,194.93,0.39,1.48
CCAVENUE,EQ,15.07,-0.92,5257.02,9.8,1.48
MSUMI,EQ,40.41,0.2,26798.55,3.66,1.48
KAPSTON,EQ,534.55,2.27,1626.75,0.27,1.47
BEPL,EQ,123.55,0.54,3074.65,1.18,1.46
SERVOTECH,EQ,82.89,0.41,1872.03,1.73,1.46
QUESS,EQ,343.2,-0.2,5126.03,0.42,1.45
AMANTA,BE,172.33,5,669.15,0.85,1.44
HDFCGOLD,EQ,130.45,-0.13,22675.63,1.1,1.44
MON100,EQ,336.33,-0.14,16955.56,0.43,1.44
TATACHEM,EQ,663.05,0.02,16891.62,0.22,1.44
EPL,EQ,244.32,0.55,7827.31,0.59,1.43
MOCAPITAL,EQ,52.95,-1.21,276,2.64,1.41
SOTL,EQ,701.05,1.21,4806.43,0.2,1.41
SUMICHEM,EQ,552.5,-1.3,27577.8,0.25,1.4
RPTECH,EQ,862,-1.13,5724.18,0.16,1.4
NTPCGREEN,EQ,92.14,0,77640.2,1.51,1.4
VISHNU,EQ,632,2.22,4254.33,0.22,1.39
IRCON,EQ,123.77,-0.64,11640.76,1.12,1.39
CONFIPET,EQ,72.08,-0.65,2394.79,1.92,1.39
TRANSRAILL,EQ,461.2,-0.79,6191.89,0.3,1.39
ACMESOLAR,EQ,363.7,-0.33,25709.02,0.38,1.38
MCLOUD,EQ,27.16,1.46,1599.91,5.05,1.38
JSFB,EQ,545.15,-0.67,5763.02,0.25,1.38
PURPLEUTED,ST,388.95,4.99,373.77,0.35,1.38
JNKINDIA,EQ,465,-2.38,2601.86,0.29,1.38
NATIONSTD,EQ,148.1,5,296.2,0.99,1.37
STOVEKRAFT,EQ,769.4,2.79,2547.28,0.18,1.37
ALLCARGO,EQ,10.03,-0.3,1502.27,13.62,1.36
KRISHIVAL,EQ,373,-8.65,935.01,0.35,1.36
CELLO,EQ,366.7,-0.78,8099.85,0.37,1.35
TRITURBINE,EQ,596.7,-0.2,18968.79,0.22,1.35
ORIANA,SM,1250,0.32,2539.89,0.11,1.34
JBMA,EQ,622.35,0.16,14718.22,0.21,1.34
MANYAVAR,EQ,537.3,-0.84,13055.22,0.25,1.34
UNICHEMLAB,EQ,547.5,0.77,3854.71,0.24,1.34
GRMOVER,EQ,88.3,0.02,1829.66,1.5,1.32
NFL,EQ,71.07,-0.66,3486.54,1.85,1.32
RHIM,EQ,373.15,-0.29,7705.6,0.35,1.32
USHAMART,EQ,500,0.39,15237.09,0.26,1.31
FIVESTAR,EQ,533,-0.88,15733.55,0.25,1.31
INGERRAND,EQ,4553,1.69,14372.91,0.03,1.3
KISSHT,EQ,304.25,-0.11,5126.1,0.43,1.3
SPORTKING,EQ,208.06,0.8,2643.86,0.62,1.29
KPRMILL,EQ,1130.9,-0.41,38655.75,0.11,1.28
ALGOQUANT,EQ,65.82,-0.71,1850.17,1.93,1.28
IONEXCHANG,EQ,375.25,0.21,5503.66,0.34,1.28
EASEMYTRIP,EQ,6.2,1.14,2470.48,20.63,1.28
GHCLTEXTIL,EQ,121.58,1.25,1162.13,1.05,1.27
ARMANFIN,EQ,1945,-0.91,2045.12,0.07,1.27
TECHNOE,EQ,964.5,0.56,11217.09,0.13,1.26
ANDHRSUGAR,EQ,102.75,0.76,1392.63,1.22,1.26
COROMANDEL,EQ,2077,-1,61274.91,0.06,1.26
VINDHYATEL,EQ,2455.9,-1.23,2910.45,0.05,1.26
SETFGOLD,EQ,130.21,-0.2,26656.11,0.97,1.26
PAISALO,EQ,67.65,0.09,6152.92,1.86,1.26
GARUDA,EQ,183.4,0.5,1706.39,0.68,1.26
ASKAUTOLTD,EQ,650,0.12,12814.27,0.19,1.25
CCL,EQ,1136.6,0.55,15176.78,0.11,1.25
AADHARHFC,EQ,484.85,-0.57,21204.29,0.26,1.25
GOCOLORS,EQ,343.55,-0.15,1806.94,0.36,1.24
GMMPFAUDLR,EQ,1049.65,-0.65,4718.94,0.12,1.24
KUSUMGAR,EQ,596.1,0.65,6258.54,0.21,1.24
FUSION,EQ,191.87,-1.9,3102.23,0.64,1.24
CHOICEIN,EQ,804,0.02,17911.23,0.15,1.24
PARACABLES,EQ,65,2.28,2127.06,1.91,1.23
RELIGARE,EQ,230.7,-0.17,7679.78,0.53,1.23
SYNCOMF,EQ,15.58,2.37,1464.52,7.94,1.23
KNACK,EQ,208.4,0.4,2550.09,0.59,1.22
TRUALT,EQ,479.85,0.13,4114.84,0.25,1.22
ORCHPHARMA,EQ,986.6,-1.18,5003.95,0.12,1.22
AETHER,EQ,1621.4,0.98,21520.49,0.08,1.22
KOPRAN,BE,203.9,2.1,984.58,0.59,1.21
MOL,EQ,62.99,0.03,1601.93,1.9,1.2
PRUDENT,EQ,3366.4,0.85,13939.14,0.04,1.19
RCF,EQ,122.27,-0.8,6745.49,0.97,1.19
RELAXO,EQ,388.6,-0.66,9673.75,0.3,1.18
MIDWESTLTD,EQ,1105.3,-0.42,3996.85,0.11,1.17
5PAISA,EQ,396.2,4.04,1857.48,0.3,1.17
IZMO,EQ,902.65,-1.48,1350.6,0.13,1.16
VALIANTORG,BE,302,-2.04,846.65,0.39,1.16
VINATIORGA,EQ,1356.7,0.93,14064.32,0.09,1.16
ITCHOTELS,EQ,165.25,-0.67,34421.18,0.69,1.15
BRIGADE,EQ,589.25,-0.75,19219.12,0.19,1.14
GCSL,EQ,488.65,-0.76,1180.55,0.23,1.14
MOBIKWIK,EQ,202.3,-0.26,1593.05,0.56,1.14
IMFA,EQ,1407.8,0.65,7595.66,0.08,1.14
CASTROLIND,EQ,187.71,0.09,18565.74,0.6,1.13
FINPIPE,EQ,160,0.4,9927.63,0.71,1.13
PONNIERODE,EQ,368.2,4.98,316.59,0.31,1.13
3MINDIA,EQ,35190,0.8,39641.78,0,1.12
SAMBHV,EQ,121.25,1.14,3572.89,0.93,1.12
MAGADSUGAR,EQ,589,3.22,830,0.19,1.12
ATALREAL,EQ,35.98,0.36,445.78,3.09,1.11
ROUTE,EQ,505.5,-0.22,3184.81,0.22,1.11
VSSL,EQ,358,-0.98,3461.9,0.31,1.11
TRAVELFOOD,EQ,1357.1,-0.08,17870.22,0.08,1.11
PACEDIGITK,EQ,177.46,0.57,3830.5,0.62,1.11
SAREGAMA,EQ,520.75,-0.51,10040.55,0.21,1.1
IRB,EQ,19.11,-0.31,23081.06,5.75,1.1
BERGEPAINT,EQ,542.2,-1.3,63220.67,0.2,1.09
DREDGECORP,EQ,1159.7,-0.07,3247.16,0.09,1.09
JSWCEMENT,EQ,127.39,-0.16,17367.91,0.86,1.09
DATAMATICS,EQ,836.35,-1.88,4943.36,0.13,1.09
ENTERO,EQ,1396.4,-0.37,6077.56,0.08,1.08
PNGJL,EQ,610.05,-0.06,8980.09,0.18,1.08
PITTIENG,EQ,1054.95,0.8,3972.27,0.1,1.08
TORNTPOWER,EQ,1308.8,-0.3,65950.9,0.08,1.07
SATIN,EQ,228.01,-0.31,2518.85,0.47,1.07
SCHAEFFLER,EQ,4058.5,0.73,63435.84,0.03,1.07
INDOTECH,EQ,3680,1.98,3908.16,0.03,1.07
SHALPAINTS,BE,86.9,-4.98,727.45,1.22,1.06
GUJALKALI,EQ,681.7,0.18,5006.2,0.15,1.06
GULPOLY,EQ,192.2,0.07,1198.76,0.55,1.06
LXCHEM,EQ,180.34,0.38,5011.91,0.59,1.06
SHAKTIPUMP,EQ,500.7,-0.5,6178.54,0.21,1.05
MOREALTY,EQ,89.84,-1.76,264.31,1.17,1.05
FRONTSP,EQ,1274.5,-0.97,1505.89,0.08,1.04
BHARATCOAL,EQ,33.29,-0.12,15503.15,3.11,1.04
PARKHOSPS,EQ,274.85,-0.65,11871.62,0.38,1.03
RPEL,EQ,1424.5,-0.39,6541.58,0.07,1.03
SILVER,EQ,231.71,-0.72,3066.66,0.44,1.03
CLEANMAX,EQ,1230.5,-0.76,14454.83,0.08,1.02
INOXGREEN,EQ,179.55,-1.1,7208.79,0.57,1.02
UNIVASTU,BE,176.9,4.86,636.61,0.58,1.02
SPARC,EQ,197.58,0.11,6411.47,0.52,1.02
EIEL,EQ,199.03,-0.56,3493.57,0.51,1.02
RAILTEL,EQ,278.1,-0.66,8925.3,0.37,1.02
QUADFUTURE,EQ,343.8,-1.59,1375.2,0.29,1.02
RAYMONDREL,EQ,578.15,-0.5,3848.96,0.18,1.01
MAXESTATES,EQ,470.2,-0.87,7688.4,0.21,1.01
AAVAS,EQ,1389,-0.06,11013.38,0.07,1.01
SHRINGARMS,EQ,229.1,0.82,2209.26,0.44,1.01
MAYURUNIQ,EQ,735.5,0.45,3195.94,0.14,1.01
DIFFNKG,EQ,409.3,2.74,1531.86,0.25,1.01
SWSOLAR,EQ,202.21,-0.69,4722.44,0.5,1.01
AARTIDRUGS,EQ,412.85,0.51,3768.08,0.24,1
NEPHROPLUS,EQ,704.9,1.48,7088.4,0.14,0.99
PROTEAN,EQ,551,0.46,2238.23,0.18,0.99
CREDITACC,EQ,1538.5,-0.01,24679.28,0.06,0.99
CRISIL,EQ,4452.2,-0.8,32558.95,0.02,0.98
REFEX,EQ,299.6,-1.04,4111.09,0.33,0.98
APOLLOTYRE,EQ,437.75,0.24,27801.54,0.22,0.98
INDIAGLYCO,EQ,1077.2,0.59,7220.12,0.09,0.97
MID150BEES,EQ,242.16,-0.3,3878.32,0.4,0.97
ITDC,EQ,694.3,-0.57,5954.97,0.14,0.97
DEEDEV,EQ,646,-0.7,4860.47,0.15,0.96
VOLTAMP,EQ,10046.5,0.45,10164.16,0.01,0.96
IKS,EQ,1826.8,-0.19,31342.98,0.05,0.96
EPACK,EQ,212.09,0.66,2040.91,0.45,0.96
GAEL,EQ,172.42,-0.19,7908.4,0.56,0.96
ACI,EQ,513.55,-0.35,6340.21,0.19,0.96
SYNGENE,EQ,404.6,0.4,16332.45,0.24,0.96
HEMIPROP,EQ,133.39,-0.66,3801.61,0.72,0.96
ANTELOPUS,EQ,814.5,1.7,2863.97,0.12,0.96
GUJTHEM,EQ,354.8,1.01,3866.09,0.27,0.95
MAHSEAMLES,EQ,624.1,0.34,8362.89,0.15,0.95
ISGEC,EQ,765,2.43,5625.01,0.12,0.95
WALCHANNAG,EQ,223.97,0.03,1519.46,0.42,0.94
AYE,EQ,167.89,-1.11,4143.26,0.56,0.94
WEWORK,EQ,696.65,-1.58,9654.89,0.13,0.94
DYNAMATECH,EQ,11329,1.85,7694.03,0.01,0.94
HUBTOWN,EQ,180.91,-1.09,2570.74,0.52,0.94
CARYSIL,EQ,1158.7,0.25,3295.64,0.08,0.94
NIFTYIETF,EQ,275.14,-0.49,44361.31,0.34,0.93
YATRA,EQ,114.2,0.22,1791.98,0.82,0.93
HNDFDS,EQ,616.85,1.38,7473.92,0.15,0.93
THOMASCOOK,EQ,102.91,-0.74,4840.69,0.9,0.93
PIRAMALFIN,EQ,2053.4,-0.61,46546,0.04,0.92
SILVERCASE,EQ,23.56,-0.63,1202.96,3.91,0.92
SILVER1,EQ,22.53,-0.71,3698.56,4.09,0.92
IGIL,EQ,351.1,-1.14,15173.13,0.26,0.92
VIPIND,EQ,301,0.17,4275.76,0.3,0.91
ANAWIL,ST,420,-0.81,1049.99,0.22,0.91
REGAAL,EQ,91.84,1.53,945.9,0.99,0.91
WHEELS,EQ,1413.3,-0.3,3453.12,0.06,0.9
ZOTA,EQ,1113.1,0.15,3854.95,0.08,0.9
MARSONS,EQ,104.49,-0.3,1798.27,0.86,0.9
ARTEMISMED,EQ,311.45,-0.94,4929.43,0.29,0.9
TEMBO,EQ,61.15,1.33,1134.04,1.46,0.89
ABSLAMC,EQ,1011.2,-0.77,29250.35,0.09,0.88
EXCELSOFT,EQ,74.59,2.08,858.41,1.19,0.88
MASFIN,EQ,302.75,-0.84,5493.5,0.29,0.88
DBREALTY,EQ,106.21,-2.12,5760.9,0.82,0.88
IOB,EQ,33.59,-0.21,64682.89,2.59,0.87
IGL,EQ,150.1,-0.6,21014.02,0.58,0.87
E2ERAIL,SM,271,3.4,467.68,0.32,0.87
SUNTV,EQ,485.8,0.53,19144.63,0.18,0.87
AIAENG,EQ,4366.4,-0.39,40747.41,0.02,0.86
FRACTAL,EQ,813.35,-0.57,13986.78,0.11,0.86
AJAXENGG,EQ,557,-1.81,6372.46,0.15,0.85
PGINVIT,IV,100.39,0.09,9135.48,0.85,0.85
SFL,EQ,671.65,-0.51,7334.64,0.13,0.85
ALICON,EQ,727,0.12,1193.14,0.12,0.84
DCAL,EQ,177,0.67,2775.06,0.47,0.84
BBTC,EQ,1465.3,0.12,10223.68,0.06,0.84
SEPC,EQ,5.84,-0.17,1121.5,14.32,0.84
LIQUID1,EQ,1118.66,0.01,2773.98,0.07,0.84
MIIL,EQ,704,3.14,1529.35,0.12,0.83
COCKERILL,EQ,8485.5,0.79,4189.98,0.01,0.82
HERITGFOOD,EQ,364.55,0.25,3382.88,0.22,0.82
PATELENG,EQ,28.33,-0.53,2810.74,2.88,0.82
TRIDENT,EQ,24.7,0.53,12587.01,3.29,0.81
PATELRMART,EQ,232.99,1.7,778.2,0.35,0.81
SJVN,EQ,66.52,-0.06,26141,1.21,0.81
BALKRISIND,EQ,2399.9,-0.3,46394.19,0.03,0.81
PHARMABEES,EQ,27.23,0.18,1702.37,2.97,0.81
ACCENTMIC,SM,595,1.26,1427.35,0.14,0.81
SANDHAR,EQ,630.9,-0.26,3797.43,0.13,0.8
REDTAPE,EQ,123,1.1,6799.53,0.66,0.8
SUDEEPPHRM,EQ,1093.5,-0.73,12350.93,0.07,0.8
BIRLACABLE,BE,275,-1.48,825,0.29,0.8
KMCSHIL,EQ,141.89,-0.87,2314.01,0.55,0.8
EUREKAFORB,EQ,433.4,0.32,8382.79,0.18,0.79
PFIZER,EQ,4802.2,-0.56,21968.98,0.02,0.79
SOBHA,EQ,1322.2,0.09,14138.66,0.06,0.79
LANDMARK,EQ,507.75,-0.64,2105.38,0.15,0.79
KOLTEPATIL,EQ,475.1,0.73,4213.19,0.16,0.78
FACT,EQ,794.1,0.11,51383.99,0.1,0.78
BCG,EQ,9.55,-1.24,1927.12,8.13,0.78
GMRP&UI,EQ,96.59,-0.11,7543.85,0.8,0.78
UDS,EQ,209.85,-0.88,1405.01,0.37,0.77
GOLDAXIS,EQ,127.2,-0.16,5617.24,0.6,0.77
ABBOTINDIA,EQ,26780,-0.46,56905.63,0,0.77
MAHSCOOTER,EQ,13336,-0.84,15241.14,0.01,0.77
AVL,EQ,606.75,-0.31,7835.45,0.13,0.76
JKIL,EQ,512,0.46,3874.07,0.15,0.75
GOLD1,EQ,127.51,-0.15,14761.02,0.59,0.75
INDIGRID,IV,176.76,-0.12,16837.53,0.43,0.75
INDIAMART,EQ,1783.2,0.75,10724.73,0.04,0.74
ALPHAGEO,EQ,340.58,0.66,216.77,0.21,0.73
CUBEINVIT,IV,161.32,0.2,21682.53,0.45,0.73
CARERATING,EQ,1719.2,0.71,5173.75,0.04,0.73
KROSS,EQ,205.81,0.3,1327.67,0.36,0.73
MTNL,EQ,27.37,1.07,754.38,2.65,0.72
MAPMYINDIA,EQ,987.1,-0.46,5405.46,0.07,0.72
ARSSBL,EQ,509.6,0.08,3213.86,0.14,0.72
CHOLAHLDNG,EQ,1576.8,0.03,29608.75,0.05,0.72
SPMLINFRA,EQ,196.58,-0.21,1654.22,0.36,0.71
KIRIINDUS,EQ,409.5,-0.23,2668.63,0.17,0.71
V2RETAIL,EQ,218.69,-0.07,7974.26,0.33,0.71
XTRANET,EQ,156.01,-1.7,815.71,0.45,0.71
HMAAGRO,EQ,22.86,-0.39,1144.76,3.11,0.71
CORDELIA,EQ,826.45,0.39,5983.05,0.09,0.7
KITEX,EQ,129.9,0.85,2591.51,0.54,0.7
STARHEALTH,EQ,580.7,-0.61,34178.66,0.12,0.7
STARCEMENT,EQ,196.46,-1.31,8102.58,0.35,0.7
RALLIS,EQ,211.81,-0.6,4119.05,0.33,0.69
CAMPUS,EQ,217.7,-0.1,6654.65,0.32,0.69
GLAXO,EQ,2706.4,0.13,45848.05,0.03,0.69
IXIGO,EQ,171.41,-0.64,7559.94,0.4,0.69
WAAREERTL,EQ,894,-0.33,9331.5,0.08,0.69
WAKEFIT,EQ,125.7,0.86,4164.84,0.55,0.69
VENKEYS,EQ,1533,0.13,2159.59,0.04,0.68
ORIENTTECH,EQ,252.5,-0.92,1156.6,0.27,0.68
JUBLPHARMA,EQ,864.9,-0.24,13776.23,0.08,0.68
SURAKSHA,EQ,312.9,1.44,1629.61,0.22,0.68
PGIL,EQ,2388.8,0.45,11032.91,0.03,0.68
SUMEETINDS,EQ,13.98,-0.71,971.26,4.8,0.67
DAMCAPITAL,EQ,145.3,-0.74,1027.07,0.46,0.67
GKENERGY,EQ,124.83,0.32,2531.77,0.54,0.67
APLLTD,EQ,836.05,1.65,16433.66,0.08,0.67
ORISSAMINE,EQ,4837,-0.7,2902.2,0.01,0.66
GODREJIND,EQ,1217.6,-0.44,41014.98,0.05,0.66
RAMRAT,EQ,469.05,0.33,4378.54,0.14,0.66
RELINFRA,BE,64.47,-1.99,2634.45,1.01,0.65
RITES,EQ,220.16,-0.7,10580.97,0.29,0.65
BLUEDART,EQ,5100.5,-0.48,12102.43,0.01,0.65
CORONA,EQ,2114,0.04,12929.24,0.03,0.64
SAKSOFT,EQ,162.81,-1.3,2158.07,0.39,0.64
MEDANTA,EQ,1419.1,0.28,38155.59,0.05,0.64
FMCGIETF,EQ,51.71,-0.52,751.21,1.23,0.64
SALSTEEL,EQ,72.27,0.56,787.86,0.88,0.64
BLUECLOUDS,EQ,22.01,0.82,2031.7,2.87,0.64
LGBBROSLTD,EQ,1614.1,0.71,5147.75,0.04,0.63
PSPPROJECT,EQ,945.15,-0.2,3746.74,0.07,0.63
CYIENT,EQ,862.55,-0.63,9034.5,0.07,0.63
JUNIPER,EQ,193.88,0.93,4313.88,0.32,0.63
AUTOBEES,EQ,304.08,0.32,505,0.21,0.63
LIQUIDPLUS,EQ,1099.35,0.01,1104.07,0.06,0.62
PFOCUS,EQ,266.4,0,20746.54,0.23,0.62
SPECTRUM,BE,2228,4.84,3501.04,0.03,0.62
TPHQ,EQ,0.55,-5.17,60.29,108.92,0.62
VINCOFE,EQ,146.38,0.07,2132.59,0.42,0.62
TINNARUBR,EQ,1037.8,0.73,1869.68,0.06,0.62
MODTHREAD,EQ,65,12.77,226.04,0.99,0.61
UBL,EQ,1370.8,0.21,36244.66,0.04,0.61
CERA,EQ,5735,-0.9,7396.74,0.01,0.61
WEL,EQ,141.09,-3.19,1890.72,0.43,0.61
SHAREINDIA,EQ,173.5,-0.83,3773.49,0.35,0.61
LOTUSDEV,BE,171.45,0.87,8379.17,0.35,0.61
AMBALALSA,EQ,48.45,6.02,371.29,1.27,0.6
HIMATSEIDE,EQ,72.02,2.16,905.6,0.84,0.6
REPCOHOME,EQ,349.95,0.1,2189.33,0.17,0.6
GOLDETF,EQ,148.47,-0.06,3447.06,0.4,0.6
ARVSMART,EQ,667.1,-0.48,3059.79,0.09,0.6
HARIOMPIPE,EQ,350.5,1.17,1085.4,0.17,0.6
UCOBANK,EQ,26.01,-0.38,32615.39,2.27,0.59
TEXRAIL,EQ,106.22,-0.63,4321.72,0.55,0.59
SAKAR,EQ,897.65,-0.85,1997.26,0.06,0.58
EXICOM,EQ,147.36,-0.65,2049.48,0.39,0.58
LIQUIDADD,EQ,1140.79,0.01,1634.71,0.05,0.58
FEDFINA,EQ,150.75,-0.82,5653.37,0.38,0.58
NACLIND,EQ,171.46,-1.15,4016.34,0.34,0.58
ASHOKA,EQ,112.68,-0.52,3163.19,0.51,0.58
ASTRAZEN,EQ,7748.5,1.41,19371.25,0.01,0.58
KENNAMET,EQ,3534,-0.5,7767.11,0.02,0.58
TIRUMALCHM,EQ,154.64,-0.06,1864.23,0.37,0.58
BOMDYEING,EQ,115.17,1.12,2378.66,0.5,0.57
CAPILLARY,EQ,522.5,-0.58,4158.51,0.11,0.57
WINDLAS,EQ,926,-0.79,1910.91,0.06,0.57
CIEINDIA,EQ,410.3,-0.24,15565.24,0.14,0.57
MMTC,EQ,63.89,0.13,9583.5,0.89,0.57
GILLETTE,EQ,7550,-0.26,24601.84,0.01,0.56
HARDWYN,EQ,10.55,-3.65,721.4,5.3,0.56
PROSTARM,EQ,140.15,3.08,825.13,0.41,0.56
DELTACORP,EQ,59.94,-0.4,1605.02,0.94,0.56
WENDT,EQ,8148.5,0.47,1629.7,0.01,0.56
BOSCH-HCIL,EQ,1687,-0.79,4587.1,0.03,0.56
KABRAEXTRU,EQ,513.45,-1.35,1795.68,0.11,0.56
SILVERBETA,EQ,224.15,-0.79,1483.04,0.25,0.55
SWARAJENG,EQ,3611.2,-0.48,4387.56,0.02,0.55
HEXT,EQ,557.2,-0.68,34045.81,0.1,0.55
SAMHI,EQ,158.91,-0.31,3529.94,0.35,0.55
RPGLIFE,EQ,2745.4,0.15,4540.62,0.02,0.55
STYRENIX,EQ,2179.2,-0.11,3832.26,0.03,0.55
ALPINETEX,EQ,59.3,3.78,226.8,0.92,0.55
KIRLOSBROS,EQ,1942.1,-0.04,15422.01,0.03,0.55
LINDEINDIA,EQ,6736,0.06,57447.45,0.01,0.54
KIOCL,EQ,388.4,0.06,23605.05,0.14,0.54
ABINFRA,EQ,11.39,0.26,727.58,4.79,0.54
AEROENTER,EQ,125.16,-0.45,1416.36,0.43,0.54
NEXT50IETF,EQ,78.77,-0.19,2728.72,0.68,0.54
DCMSRIND,EQ,47.51,3.89,413.3,1.15,0.54
SHANKARA,EQ,141.98,0.62,344.29,0.38,0.54
MACOBSTECH,SM,217,4.63,212.56,0.25,0.54
GULFOILLUB,EQ,1181.9,0.62,5856.97,0.05,0.54
WHIRLPOOL,EQ,781,0.47,9908.69,0.07,0.54
TCIEXP,EQ,565.55,-0.21,2172.79,0.09,0.53
SMSPHARMA,EQ,357.55,-0.15,3348.53,0.15,0.53
SURYODAY,EQ,152.5,-0.98,1620.92,0.34,0.52
TBZ,EQ,243.1,-0.25,1622.22,0.21,0.52
RIR,EQ,173.48,-0.26,1380.42,0.3,0.52
UCAL,EQ,151,-0.57,333.92,0.34,0.52
GLOBUSSPR,EQ,883.65,0.22,2780.08,0.06,0.51
MONOLITH,SM,1011.75,0.42,2199.14,0.05,0.51
SKMEGGPROD,EQ,261.35,0.74,1376.27,0.2,0.51
CANHLIFE,EQ,149.78,0.59,14229.1,0.34,0.51
RGL,EQ,121.25,-0.53,1302.18,0.42,0.51
NIITMTS,EQ,236.11,-1.21,3258.38,0.22,0.51
SHK,EQ,164.33,0.05,2274.67,0.31,0.51
SPAL,EQ,940.05,0.82,2363.18,0.05,0.51
FREDUN,EQ,1495.9,1.49,2473.93,0.03,0.51
ARIES,EQ,428.65,-1.38,557.43,0.12,0.51
LUMAXIND,EQ,5835.5,0.75,5454.87,0.01,0.5
ATULAUTO,EQ,497.2,-0.16,1379.79,0.1,0.5
ADVAIT,EQ,2082,0.13,2278.33,0.02,0.5
RAINBOW,EQ,1469.4,-0.62,14924.2,0.03,0.5
SHARDACROP,EQ,787.45,0.04,7104.41,0.06,0.5
RITCO,EQ,301.5,3.08,862.98,0.17,0.5
FOSECOIND,EQ,5642,0.02,4252.52,0.01,0.5
SGFIN,EQ,662.2,0.3,3701.37,0.07,0.49
MANALIPETC,EQ,67.25,-0.58,1156.69,0.73,0.49
TVSELECT,EQ,453,0.59,844.86,0.11,0.49
MONTECARLO,EQ,526,0.32,1090.51,0.09,0.49
VAIBHAVGBL,EQ,226.5,0.02,3796.54,0.21,0.49
VIDYAWIRES,EQ,88.56,-0.94,1883.6,0.55,0.49
MINDSPACE,RR,499.78,0.5,33085.11,0.1,0.49
GREENLAM,EQ,251.5,-0.51,6416.96,0.19,0.48
SILVERTUC,EQ,195.23,-1.03,2475.71,0.25,0.48
SUNFLAG,EQ,362.05,0.36,6524.85,0.13,0.48
VENUSPIPES,EQ,1587.3,-0.58,3288.27,0.03,0.48
KMSUGAR,EQ,30.53,2.48,280.88,1.57,0.48
RAMCOSYS,EQ,589.1,-0.86,2214.82,0.08,0.48
ELECTCAST,EQ,71.54,-0.57,4422.49,0.66,0.48
UNIPARTS,EQ,816.65,1.93,3688.08,0.06,0.47
AWHCL,EQ,380.4,-1.43,1079.66,0.12,0.47
METROPOLIS,EQ,547,-0.68,11343.08,0.09,0.47
EMUDHRA,EQ,512.85,-1.14,4247,0.09,0.47
CHALET,EQ,839.6,-0.6,18386.75,0.06,0.47
MANOMAY,EQ,216.89,0.72,391.46,0.21,0.46
TMB,EQ,841.5,-0.26,13325.27,0.05,0.46
OBSCP,SM,885,2.89,2287.34,0.05,0.46
SHARDAMOTR,EQ,911.55,0.23,5233,0.05,0.46
MAHLIFE,EQ,384.5,-0.56,8204.22,0.12,0.46
NORTHARC,EQ,277.4,-0.47,4484.21,0.17,0.46
TATVA,EQ,1687.3,0.09,3946.94,0.03,0.46
VRLLOG,EQ,297.45,0.42,5203.5,0.15,0.46
NIFTY1,EQ,269.6,-0.34,3530.81,0.17,0.46
TVSSCS,EQ,122.38,0.74,5399.16,0.37,0.46
IGPL,EQ,479.95,1.51,1478,0.09,0.46
ICEMAKE,EQ,719.1,-0.46,1134.72,0.06,0.45
VTL,EQ,605.5,0.04,17527.76,0.07,0.45
FINOPB,EQ,148,0.71,1231.63,0.3,0.45
SJLOGISTIC,SM,331.9,1.81,507.58,0.14,0.45
MANINFRA,EQ,103.24,-0.85,4167.45,0.43,0.44
CRAMC,EQ,252.55,-0.55,5036.29,0.17,0.44
MUTHOOTMF,EQ,206.8,-0.63,3525.78,0.21,0.44
ARVINDFASN,EQ,439.75,-0.99,5876.92,0.1,0.44
GIPCL,EQ,174.1,-0.19,2702.31,0.25,0.44
POKARNA,EQ,935.3,-0.27,2899.8,0.05,0.43
DHABRIYA,EQ,520,3.1,562.86,0.08,0.43
FLAIR,EQ,252.05,-1.2,2656.49,0.17,0.43
SILVERAXIS,EQ,230.77,-0.67,2070.63,0.19,0.43
KAJARIACER,EQ,1241.5,-0.81,19509.31,0.03,0.43
POWERMECH,EQ,2451,-0.05,7749.15,0.02,0.43
C2C,SM,239,-2.57,405.55,0.18,0.43
SWANCORP,EQ,305.95,0.25,9590.21,0.14,0.43
METALIETF,EQ,13.2,-0.3,1006.32,3.22,0.43
LIQUIDETF,EQ,999.99,0,956.2,0.04,0.42
LAOPALA,EQ,189.75,-0.77,2106.22,0.22,0.42
GMBREW,EQ,902,1.19,2060.79,0.05,0.42
ALKYLAMINE,EQ,1910.9,-0.48,9773.52,0.02,0.42
SHERA,ST,185,4.52,452.13,0.23,0.42
TAC,ST,439,-0.13,923.05,0.1,0.42
GROWWDEFNC,EQ,99.38,0.57,372.02,0.43,0.42
BUILDPRO,EQ,1247.5,0.27,3025.1,0.03,0.42
STYL,EQ,398.85,0.77,6453.63,0.11,0.42
ASTEC,EQ,591,1.76,1316.91,0.07,0.42
HDBFS,EQ,681.1,-0.41,56575.16,0.06,0.42
NPST,EQ,1600.1,-1.4,3338.37,0.03,0.42
IVALUE,EQ,280.05,0.34,1529.92,0.15,0.41
TIL,BE,227,-1.24,1867.01,0.18,0.41
SOLARA,EQ,514.75,1.11,2460.11,0.08,0.41
TTML,EQ,38.13,-0.05,7454.14,1.06,0.4
BIRET,RR,344.45,-0.02,28585.25,0.12,0.4
BAJAJHCARE,EQ,322.95,-0.03,1087.14,0.12,0.4
SMALLCAP,EQ,48.72,0.45,987.94,0.82,0.4
RAMCOIND,EQ,354.2,0.21,3075.93,0.11,0.4
SIKA,EQ,1058.7,0.55,2244.54,0.04,0.4
HUHTAMAKI,EQ,276.55,-0.91,2088.56,0.14,0.4
PGHL,EQ,5785,-0.88,9602.74,0.01,0.4
AIMTRON,SM,1664.95,0.14,3469.98,0.02,0.4
WELENT,EQ,570.8,0.25,7900.66,0.07,0.4
SAFARI,EQ,1497.8,0.03,7338.82,0.03,0.4
ANUP,EQ,1836,0.08,3677.78,0.02,0.39
GAYAPROJ,BE,21.6,-2.7,1002.89,1.83,0.39
INTERARCH,EQ,1728,-0.62,2898.18,0.02,0.39
JUBLINGREA,EQ,735.55,0.38,11715.92,0.05,0.39
SRM,EQ,480.7,1.95,1102.93,0.08,0.39
SHRIRAMPPS,EQ,76.89,0.81,1312.16,0.5,0.39
MARKOLINES,EQ,171.5,-0.09,380.79,0.23,0.39
GANESHCP,EQ,165.5,0.94,668.83,0.23,0.39
PFS,EQ,28.16,0.07,1808.67,1.35,0.38
TEXINFRA,EQ,106.31,-1.43,1354.67,0.36,0.38
ANURAS,EQ,1200.2,0.28,13664.07,0.03,0.38
DDEVPLSTIK,EQ,270.35,0.39,2797.49,0.14,0.38
VMARCIND,SM,364.95,1.32,5347.4,0.1,0.38
AIIL,EQ,552.95,0.26,46957.92,0.07,0.38
DCW,EQ,44.5,0.54,1313.44,0.85,0.38
MASPTOP50,EQ,81.02,-0.3,1366.19,0.46,0.38
GENESYS-RE,BE,112.3,3.5,281.48,0.33,0.37
CENTENKA,EQ,585.6,2.27,1279.57,0.06,0.37
MUKKA,EQ,27.79,0.94,833.7,1.34,0.37
SUYOG,EQ,834.4,2.53,977.68,0.05,0.37
MUFIN,EQ,136.03,0.12,2695.6,0.27,0.37
NILASPACES,EQ,13.14,2.1,517.57,2.8,0.37
AGI,EQ,714.2,-0.32,4620.69,0.05,0.37
ARIS,EQ,134.91,-0.98,1103.48,0.27,0.37
PATILAUTOM,SM,247.5,4.01,540.06,0.15,0.37
DSSL,EQ,1170.4,1.06,1490.75,0.03,0.37
INDGN,EQ,558.8,-0.53,13464.53,0.07,0.37
CNL,EQ,1245.25,-0.55,1869.95,0.03,0.37
VIKRAN,EQ,62.45,-0.14,1610.65,0.58,0.36
VPRPL,EQ,35.18,0.74,438.5,1.03,0.36
ABLBL,EQ,89.65,-0.3,10941.98,0.4,0.36
GUFICBIO,EQ,416.85,-0.32,4180.28,0.09,0.36
JYOTISTRUC,EQ,10.67,0.19,1273.64,3.34,0.36
JARO,EQ,456.1,1.56,1015.75,0.08,0.36
FINEORG,EQ,5115.9,0.11,15685.34,0.01,0.36
HATSUN,EQ,977,0.85,21762.51,0.04,0.36
NIITLTD,EQ,94.68,-0.99,1295.62,0.38,0.36
AKIKO,SM,375.5,3.77,404.4,0.1,0.36
INDOBORAX,EQ,424.95,1.12,1363.66,0.08,0.35
SIS,EQ,414.85,-0.38,5861.86,0.08,0.35
SUNDROP,EQ,648.6,-0.43,2445.02,0.05,0.35
AWFIS,EQ,266.5,-0.91,1907.16,0.13,0.35
HILINFRA,EQ,46.28,4.09,331.92,0.76,0.35
JTLIND,EQ,75.5,0.23,2967.77,0.46,0.35
OPTIVALUE,ST,187,0.94,437.79,0.19,0.35
ARROWGREEN,BE,730.25,-5,1101.8,0.05,0.35
PSB,EQ,23.57,-0.46,16724.29,1.47,0.35
MAXIND,EQ,150.33,0,790.48,0.23,0.35
JISLJALEQS,EQ,27.58,-0.54,1970.89,1.25,0.35
PNCINFRA,EQ,213.09,-0.97,5466.59,0.16,0.35
VIMTALABS,EQ,620.9,-0.41,2774.61,0.05,0.34
KOVAI,EQ,6058,-1.05,6628.82,0.01,0.34
EIHOTEL,EQ,295.45,-0.19,18476.38,0.12,0.34
TVSHLTD,EQ,13965,-0.76,28254.13,0,0.34
INFOBEAN,EQ,158.64,-0.94,1548.67,0.21,0.34
BAYERCROP,EQ,4101.4,0.05,20550.99,0.01,0.34
SGBAUG28V,GB,15121,-0.26,9601.5,0,0.34
DJML,EQ,105.63,-1.68,363.13,0.32,0.34
SUBEXLTD,EQ,14.31,1.42,804.23,2.35,0.34
ALIVUS,EQ,1382.1,-0.88,16968.24,0.02,0.34
NITCO,EQ,91.5,-1.12,2201.18,0.36,0.34
NUVOCO,EQ,329.2,-0.57,11757.58,0.1,0.34
BLACKBUCK,EQ,566.55,-0.52,10319.71,0.06,0.33
SBFC,EQ,93.9,-0.05,10397.61,0.35,0.33
GOKULAGRO,EQ,232.18,0.22,6851.32,0.14,0.33
HCG,EQ,708.6,-0.53,10579.55,0.05,0.33
BOROLTD,EQ,244.6,-0.09,2925.11,0.14,0.33
LOWVOLIETF,EQ,22.4,-0.49,3438.03,1.47,0.33
HDFCMID150,EQ,23.67,-0.17,204.72,1.37,0.33
JAICORPLTD,EQ,101.45,0.25,1780.5,0.32,0.32
RAYMONDLSL,EQ,755.85,-0.82,4604.91,0.04,0.32
GODAVARIB,EQ,248.2,1.06,1270.19,0.13,0.32
DBL,EQ,420.8,0.29,6835.68,0.08,0.32
CRIZAC,EQ,175.26,-0.53,3066.74,0.18,0.32
JAIBALAJI,EQ,69.82,-0.2,6369.38,0.45,0.32
VINYAS,SM,1415,6.35,1780.74,0.02,0.31
SANOFI,EQ,3185,-0.39,7335.25,0.01,0.31
HNGSNGBEES,EQ,482,-0.52,1136.88,0.06,0.31
HPL,EQ,315.5,1.01,2028.68,0.1,0.31
MBEL,EQ,280.5,-0.99,1603.36,0.11,0.31
HAWKINCOOK,EQ,8282,-0.7,4379.37,0,0.31
WANBURY,EQ,250.7,0,875.93,0.12,0.31
SHREERAMA,EQ,47.53,2.7,634.37,0.64,0.31
BALMLAWRIE,EQ,175.5,0.52,3001.12,0.17,0.3
SUPRAJIT,EQ,519.5,-0.24,7126.47,0.06,0.3
ITETF,EQ,32.31,-1.07,99.59,0.93,0.3
METAL,EQ,13.25,-0.08,542.93,2.27,0.3
MONARCH,EQ,389.45,0.1,3088.66,0.08,0.3
LAXMIINDIA,EQ,133.07,-2.56,697.19,0.22,0.29
RESPONIND,EQ,157.73,-0.8,4205.22,0.19,0.29
PRINCEPIPE,EQ,284.45,0.07,3144.91,0.1,0.29
AGL,EQ,13.77,-1.71,1353.29,2.12,0.29
IFBIND,EQ,1380,-0.43,5591.59,0.02,0.29
JINDALPOLY,EQ,656.1,-1.43,2872.83,0.04,0.29
HOMEFIRST,EQ,1179,-0.08,12324.53,0.02,0.29
KIRLFER,EQ,432.9,-0.07,7139.46,0.07,0.29
AFFORDABLE,BE,164.16,-5,194.55,0.17,0.29
PRSMJOHNSN,EQ,105.37,0.04,5303.87,0.27,0.29
RANEHOLDIN,EQ,1611.7,0.67,2301.15,0.02,0.29
ITI,EQ,275.8,-0.52,26501.26,0.1,0.29
PANACEABIO,EQ,414.35,0.29,2537.92,0.07,0.28
GATECH,BE,0.81,3.85,89.32,35.4,0.28
MPSLTD,EQ,2815,0.01,4815.29,0.01,0.28
GANESHBE,BE,116,-1.8,835.08,0.24,0.28
TALBROAUTO,EQ,424.8,0.32,2622.21,0.07,0.28
BLSE,EQ,312.1,0.42,2835.63,0.09,0.28
ADVANCE,EQ,119.5,2.08,768.21,0.23,0.28
HITECH,EQ,78,-0.55,1584.24,0.35,0.28
SCPL,EQ,653.35,-0.7,686.02,0.04,0.28
MODIS,EQ,414,-0.38,811.08,0.07,0.27
KAYA,EQ,336.4,-0.07,510.91,0.08,0.27
ITIETF,EQ,33.81,-1.34,561.62,0.81,0.27
GRINDWELL,EQ,2154.1,-0.43,23850.2,0.01,0.27
SUNTECK,EQ,297.1,-0.82,4362.68,0.09,0.27
SDBL,EQ,73.25,-0.25,1445.05,0.37,0.27
ALOKINDS,EQ,11.5,-0.26,5710.03,2.34,0.27
RML,EQ,1107.1,2.07,3059.71,0.02,0.27
NILKAMAL,EQ,1812.1,0.12,2704.11,0.01,0.27
MOM100,EQ,68.56,-0.32,906.9,0.39,0.27
GARFIBRES,EQ,751.15,0.36,7334.86,0.04,0.27
VERANDA,EQ,236,0.38,2273.88,0.11,0.27
INFLUX,SM,295,-0.97,682.94,0.09,0.27
CALSOFT,EQ,27.12,4.99,95.02,0.98,0.27
HGINFRA,EQ,515.3,0.16,3358.27,0.05,0.26
INDRAMEDCO,EQ,367.15,-0.7,3365.77,0.07,0.26
MANCREDIT,EQ,242.01,2.23,510.98,0.11,0.26
STUDDS,EQ,450.9,0.64,1774.44,0.06,0.26
IKIO,EQ,200.78,-0.48,1551.64,0.13,0.26
SIGNATURE,EQ,802.1,-0.37,11284.43,0.03,0.26
SWANDEF,BE,2375,-0.65,12512.01,0.01,0.26
JAYKAY,EQ,152.01,1,1980.49,0.17,0.26
MMP,EQ,354,1.14,899.25,0.07,0.26
RAJRATAN,EQ,514.75,-0.4,2613.44,0.05,0.26
SIYSIL,EQ,640.1,1.19,2904.14,0.04,0.26
EMAMIPAP,BE,116.95,2.67,707.54,0.22,0.26
BIRLANU,EQ,1556.1,0.28,1173.44,0.02,0.26
MASTERTR,EQ,78.8,0.41,969.37,0.32,0.25
KANSAINER,EQ,205.29,-0.25,16603.42,0.12,0.25
KALPATARU,EQ,282,-0.39,5807,0.09,0.25
CAPINVIT,IV,76.72,-0.3,3771.18,0.33,0.25
CANFINHOME,EQ,811.35,-0.37,10803.5,0.03,0.25
NIVABUPA,EQ,82.95,0.29,15339.39,0.3,0.25
IIFLCAPS,EQ,335.25,0.21,10553.89,0.07,0.25
BBL,EQ,2301,0.11,2600.85,0.01,0.25
MEDPLUS,EQ,656.5,0,7887,0.04,0.25
VALIANTLAB,EQ,90.85,4.99,493.43,0.27,0.25
LAXMIDENTL,EQ,200.95,0.15,1104.46,0.12,0.25
TIMKEN,EQ,3315.6,0.76,24939.52,0.01,0.25
MONIFTY500,EQ,24.13,-0.58,295.11,1.02,0.25
MOLDTKPAC,EQ,678.4,-0.26,2254.25,0.04,0.25
RADHIKAJWE,EQ,68.25,0.52,805.35,0.36,0.24
IGARASHI,EQ,458,0.68,1441.56,0.05,0.24
AASTHA,EQ,73.75,0.74,325.55,0.33,0.24
ADFFOODS,EQ,262.25,-0.23,2881.17,0.09,0.24
BANKIETF,EQ,59.02,-0.61,3055.12,0.41,0.24
SINDHUTRAD,EQ,24.56,3.24,3786.98,0.99,0.24
BHARATWIRE,EQ,193.89,0.5,1333.63,0.12,0.24
ALEMBICLTD,EQ,89.93,-0.24,2309.24,0.27,0.24
NAVKARCORP,EQ,99.04,0.15,1490.74,0.24,0.24
BLUSPRING,EQ,109.22,0.2,1632.19,0.22,0.24
GREENPANEL,EQ,170.91,0.78,2095.82,0.14,0.24
ALPHA,EQ,53.92,-0.48,901.15,0.44,0.24
RSYSTEMS,EQ,241,0.33,2855.67,0.1,0.24
INDIACEM,EQ,376.15,0,11656.78,0.06,0.24
GROWWGOLD,EQ,14.92,-0.07,465.15,1.58,0.24
ENERGY,EQ,39.02,0.18,295.81,0.6,0.24
HIRECT,EQ,1255.8,-0.22,4316.47,0.02,0.23
GSLSU,EQ,35.06,4,148.59,0.67,0.23
CAPACITE,EQ,211.34,-0.26,1788.02,0.11,0.23
DOMS,EQ,2214.5,-0.16,13439.43,0.01,0.23
GOPAL,EQ,272,0.46,3390.94,0.09,0.23
SPLPETRO,EQ,717.95,-0.76,13500.43,0.03,0.23
NXST,RR,169,0.59,25603.5,0.14,0.23
DPABHUSHAN,EQ,1393,-0.77,3179.93,0.02,0.23
SHIVALIK,BE,242.01,-4.95,381.17,0.09,0.23
KOTHARIPET,EQ,135.09,0.88,794.96,0.17,0.23
KAVDEFENCE,EQ,55.98,-1.11,336.58,0.41,0.23
CHEMPLASTS,EQ,181.97,0.13,2877.12,0.12,0.23
SILVERADD,EQ,223.86,-0.79,1466.62,0.1,0.23
MANAKCOAT,EQ,123.77,1.55,1309.91,0.18,0.23
BFUTILITIE,EQ,540.9,-0.87,2037.44,0.04,0.23
MOMENTUM50,EQ,54.38,0,389.2,0.41,0.23
MEDIASSIST,EQ,345.95,0.71,2584.31,0.07,0.22
SALZERELEC,EQ,572.5,0.39,1012.34,0.04,0.22
RACLGEAR,EQ,1356.8,1,1599.41,0.02,0.22
COFFEEDAY,BE,30,1.11,633.76,0.75,0.22
FERMENTA,EQ,456.2,-0.19,1342.64,0.05,0.22
TARC,EQ,122.61,-1.41,3618.18,0.18,0.22
XPROINDIA,EQ,1106.1,0.22,2596.06,0.02,0.22
ONEGLOBAL,EQ,537.05,-5,1049.56,0.04,0.22
MIDCAPETF,EQ,23.92,-0.25,1844.99,0.93,0.22
BHAGCHEM,EQ,289,0.09,3747.44,0.08,0.22
RIIL,EQ,749.75,0.36,1132.12,0.03,0.22
VMART,EQ,789.45,-0.36,6282.08,0.03,0.22
VENUSREM,BE,1795,-0.47,2399.37,0.01,0.22
DLINKINDIA,EQ,421,0.55,1494.75,0.05,0.22
DHANUKA,EQ,999.1,0.21,4453.82,0.02,0.22
UFBL,BE,773,1.36,3023.8,0.03,0.22
SHUKRAPHAR,EQ,42.58,2.75,1871.88,0.51,0.22
SUPREMEPWR,SM,197,2.36,492.33,0.11,0.22
ERIS,EQ,1338.7,-0.76,18552.15,0.02,0.22
SBILIQETF,EQ,1052.26,0.01,66.93,0.02,0.21
BASILIC,SM,174.8,1.95,441.63,0.12,0.21
KELLTONTEC,EQ,13.57,0.22,716.23,1.58,0.21
HIKAL,EQ,212.77,-0.02,2623.47,0.1,0.21
AJMERA,EQ,119,0.25,2341.87,0.18,0.21
MCLEODRUSS,EQ,44.4,-1,463.78,0.47,0.21
BAHETI,SM,794.9,0.75,830.42,0.03,0.21
TIGERLOGS,EQ,27.99,3.36,295.92,0.75,0.21
HDFCLIQUID,EQ,1074.16,0.01,74.38,0.02,0.21
KSL,EQ,834.85,0.61,3644.38,0.02,0.21
DPEL,SM,587,-0.43,1465.45,0.04,0.21
HARSHA,EQ,422.05,-0.83,3842.52,0.05,0.21
OILIETF,EQ,11.45,0.26,317.11,1.79,0.2
KECL,EQ,139.37,1.36,925.61,0.15,0.2
ZUARI,EQ,224.22,0.68,943.02,0.09,0.2
MENONBE,BE,253.21,5,1418.99,0.08,0.2
UHTL,ST,112.45,5,213.7,0.18,0.2
DAVANGERE,EQ,3.24,1.25,463.32,6.23,0.2
AARTISURF,BE,594.4,-4.99,503.51,0.03,0.2
COMSYN,EQ,281.12,-0.2,1134.02,0.07,0.2
JUBLCPL,EQ,2359.7,0.74,3575.53,0.01,0.2
VSTIND,EQ,214.12,-0.18,3637.07,0.09,0.2
MODINATUR,BE,375.95,-1.23,500.25,0.05,0.2
SKFINDUS,EQ,2734.2,0.35,13517.33,0.01,0.2
ORIENTELEC,EQ,186.41,-0.54,3977.35,0.11,0.2
MOM30IETF,EQ,31.66,-0.19,554.79,0.62,0.2
FELIX,SM,188.65,3.14,324.6,0.1,0.2
KRSNAA,EQ,554.7,-0.67,1799.37,0.04,0.2
DIAMONDYD,EQ,1180.9,-0.8,2823.59,0.02,0.19
RADIANTCMS,EQ,35.8,2.7,382.01,0.54,0.19
CHANDAN,SM,244.05,-0.71,596.75,0.08,0.19
ASAL,EQ,506.45,0.1,803.45,0.04,0.19
SPANDANA,EQ,245.4,-0.85,1749.83,0.08,0.19
TPLPLASTEH,EQ,77.18,-0.09,602.03,0.25,0.19
CARRARO,EQ,511.4,-0.4,2907.39,0.04,0.19
ADVENZYMES,EQ,303.8,-0.59,3401.84,0.06,0.19
SALASAR,EQ,6.08,0.16,1062.75,3.11,0.19
MOSILVER,EQ,229.54,-0.58,1038.19,0.08,0.19
GALAPREC,EQ,1027.4,0.92,1316.74,0.02,0.19
DIGITIDE,EQ,96.96,0.49,1445.78,0.19,0.19
OPTIMYSTIX,ST,181.4,-0.33,422.1,0.1,0.19
SILVERAG,EQ,225.94,-0.59,1188.97,0.08,0.19
GOCLCORP,EQ,409.9,0.47,2031.98,0.04,0.18
INDOSTAR,EQ,249.8,1.07,4037.42,0.07,0.18
NRAIL,EQ,507.3,-0.51,863.38,0.04,0.18
ZUARIIND,EQ,261.9,2.13,779.97,0.07,0.18
PIXTRANS,EQ,1949.7,0.56,2656.51,0.01,0.18
ESAFSFB,BE,39.54,0.71,2040.34,0.46,0.18
GSMFOILS,SM,88.25,-4.95,124.37,0.2,0.18
GHCL,EQ,432.1,-0.07,3980.97,0.04,0.18
SYMPHONY,EQ,623.9,0.54,4284.41,0.03,0.18
KANPRPLA,EQ,259.21,-1.38,634.52,0.07,0.18
ADSL,EQ,110.76,-0.27,627.4,0.16,0.18
NOCIL,EQ,163.5,-0.13,2730.86,0.11,0.18
RTNINDIA,EQ,30.43,-0.16,4206.25,0.58,0.18
AGARIND,EQ,494.2,-1.08,739.21,0.04,0.18
FDC,EQ,354.85,0.16,5777.32,0.05,0.18
JAYBARMARU,EQ,127.76,0.03,1383,0.14,0.18
PDSL,EQ,372.65,-0.98,5270.84,0.05,0.18
BIKEWO,ST,110.3,5,143.87,0.16,0.18
PANACHE,BE,548.25,1.41,877.97,0.03,0.18
GODIGIT,EQ,254.5,-0.14,23534.58,0.07,0.18
ADOR,EQ,1530.2,0.32,2662.98,0.01,0.17
INDOFARM,EQ,144.91,0.56,696.32,0.12,0.17
ASALCBR,EQ,723.6,-1.32,1452.93,0.02,0.17
GROWWRAIL,EQ,29.04,-0.03,164.64,0.59,0.17
MHRIL,EQ,223.36,-0.68,4513.13,0.08,0.17
UTIAMC,EQ,905.3,-0.22,11636.62,0.02,0.17
BFINVEST,EQ,461.05,-0.7,1736.67,0.04,0.17
INA,EQ,98.34,-0.07,2167.9,0.17,0.17
PVP,EQ,36.51,-1.35,950.73,0.46,0.17
GANESHHOU,EQ,839.3,0.16,6998.68,0.02,0.17
TAJGVK,EQ,337,-0.15,2113.04,0.05,0.17
MAXVOLT,SM,345.1,-1.44,376.29,0.05,0.17
SIMPLEXINF,EQ,252.59,0.51,1997.87,0.07,0.17
KRMAYURVED,SM,281,2.99,597.43,0.06,0.17
FINKURVE,EQ,71.4,-2.1,1000.63,0.23,0.17
STANLEY,EQ,137.75,0.8,786.91,0.12,0.17
JKLAKSHMI,EQ,555.15,-0.38,6891.88,0.03,0.17
BCLIND,EQ,36.55,0.52,1078.82,0.45,0.16
MAFANG,EQ,209.43,-0.94,5179.28,0.08,0.16
NESCO,EQ,1039.7,-0.63,7325.72,0.02,0.16
UNIECOM,EQ,84.5,-0.53,949.6,0.19,0.16
ADVENTHTL,EQ,135.97,0.79,733.46,0.12,0.16
EPIGRAL,EQ,1098.5,0.13,4739.08,0.01,0.16
3IINFOLTD,BE,24.37,-4.95,505.44,0.65,0.16
KALAMANDIR,EQ,86.2,0.05,1322.02,0.19,0.16
BAGMANE,RR,107.4,-0.05,36516,0.15,0.16
QGOLDHALF,EQ,126.64,-0.07,775.54,0.12,0.16
JSWHL,EQ,11746,-0.44,13037.62,0,0.16
KKCL,EQ,520.45,-0.11,3207.28,0.03,0.16
EUROPRATIK,EQ,279.7,-1.43,2858.53,0.06,0.15
SGBMAY28,GB,15205,0.11,3868.6,0,0.15
SMCGLOBAL,EQ,80.17,-0.3,1678.76,0.19,0.15
JTEKTINDIA,EQ,132.41,1.71,3671.92,0.12,0.15
DEFENCE,EQ,83.35,0.8,164.24,0.18,0.15
PRAVEG,EQ,260.05,0.44,679.79,0.06,0.15
FOCUS,BE,72,4.45,485.6,0.21,0.15
AMRUTANJAN,EQ,496.8,1.01,1436.28,0.03,0.15
GOLDBETA,EQ,128.6,-0.12,4432.7,0.12,0.15
SEIL,EQ,208.52,-1.19,3357.17,0.07,0.15
JASH,EQ,481.9,0.29,3045.31,0.03,0.15
BANSALWIRE,EQ,322.55,-0.37,5049.71,0.05,0.15
AEROPLANE,EQ,182.71,-0.08,1891.99,0.08,0.15
CEINSYS,EQ,784.75,0.27,1643.08,0.02,0.15
SGBSEP29VI,GB,15306,-0.24,5388.23,0,0.15
UTKARSHBNK,EQ,13.98,-0.43,2487.77,1.07,0.15
HDFCNEXT50,EQ,76.22,-0.17,220.45,0.2,0.15
TCI,EQ,904.15,-0.39,6946.69,0.02,0.15
LIKHITHA,EQ,211.88,2.52,835.87,0.07,0.15
BSLGOLDETF,EQ,134.36,-0.1,3059.96,0.11,0.15
SASKEN,EQ,1925.5,0.31,2924.15,0.01,0.15
SAIPARENT,EQ,549.55,-0.43,2427.87,0.03,0.15
PUNJABCHEM,EQ,1146.6,1.71,1405.98,0.01,0.15
JSWDULUX,EQ,3125,-0.47,14231.35,0,0.15
MSPL,EQ,34.26,-0.61,1941.85,0.43,0.15
SUBROS,EQ,762.4,0.03,4973.57,0.02,0.15
HINDWAREAP,EQ,197.12,-0.26,1648.84,0.07,0.15
CONTROLPR,EQ,571,0.23,913.27,0.03,0.15
TERASOFT,EQ,344.45,2.3,430.97,0.04,0.14
HATHWAY,EQ,10.58,-0.09,1872.77,1.37,0.14
ELITECON,EQ,17,1.61,2717.45,0.85,0.14
HDFCNIFIT,EQ,32.57,-1.27,134.34,0.44,0.14
SIGACHI,EQ,26.25,-0.38,1003.06,0.55,0.14
GATEWAY,EQ,54.9,-0.45,2743.04,0.26,0.14
ARIHANTCAP,EQ,73.37,-0.14,804.23,0.19,0.14
RAMBHAJO,EQ,180.42,-0.3,826.5,0.08,0.14
PNBGILTS,EQ,80.14,-0.25,1442.6,0.18,0.14
KCPSUGIND,BE,31.75,2.02,360,0.45,0.14
RUBYMILLS,BE,395.95,3.53,1324.06,0.04,0.14
PLAZACABLE,EQ,51.7,-3.49,226.2,0.27,0.14
ZFCVINDIA,EQ,2628.3,0.18,29911.5,0.01,0.14
GROWWSLVR,EQ,22.76,-0.65,319.77,0.61,0.14
MAITHANALL,EQ,978.45,-0.16,2848.42,0.01,0.14
KSB,EQ,793.2,-0.26,13804.79,0.02,0.14
ESABINDIA,EQ,6289.5,0.01,9681.44,0,0.14
PENIND,EQ,151.71,0.17,2047.27,0.09,0.14
WESTLIFE,EQ,583.55,0.68,9082.6,0.02,0.14
EFCIL,EQ,173.15,-0.55,2561.69,0.08,0.14
CENTURYPLY,EQ,752.05,0.18,16708.52,0.02,0.14
ESTER,EQ,99.9,0.95,1041.91,0.14,0.14
MIDCAPIETF,EQ,24.23,-0.41,784.4,0.56,0.14
AHCL,EQ,14.38,-0.9,764.32,0.94,0.14
CEWATER,EQ,274.25,-0.27,567.59,0.05,0.14
ORKLAINDIA,EQ,546.55,0.41,7487.15,0.02,0.14
GSPCROP,EQ,591,0.21,2749.26,0.02,0.14
AQYLON,EQ,20.95,-3.85,531.57,0.64,0.13
WINDMACHIN,EQ,301.4,0.33,3066.05,0.04,0.13
METROBRAND,EQ,941.5,-0.14,25662.03,0.01,0.13
BAJEL,EQ,186.3,0.23,2155.43,0.07,0.13
KLBRENG-B,EQ,350,0.89,1830.95,0.04,0.13
IRBINVIT,IV,64.71,0.34,8293.23,0.2,0.13
GALLANTT,EQ,581.45,-0.26,14029.28,0.02,0.13
BIKAJI,EQ,612.65,-0.16,15361.37,0.02,0.13
HEALTHIETF,EQ,169,0.24,230.2,0.08,0.13
MOSMALL250,EQ,18.43,0.22,253.23,0.71,0.13
DCI,EQ,374.4,-2.08,614.02,0.03,0.13
ICELCO,SM,135,-3.64,246.53,0.1,0.13
PAUSHAKLTD,EQ,732.55,-0.22,1806.24,0.02,0.13
AURUM,EQ,225.52,-1.57,1721.92,0.06,0.13
SGBFEB32IV,GB,15499.88,0.23,19819.42,0,0.13
IRMENERGY,EQ,291,-0.38,1194.84,0.04,0.13
CLSEL,EQ,282.25,0.23,1403.51,0.05,0.13
OSELDEVICE,SM,372,-0.76,661.96,0.03,0.13
FISCHER,EQ,37.33,0.16,2420.91,0.34,0.13
STEELCAS,EQ,351.05,-0.3,3552.63,0.04,0.13
LUXIND,EQ,1207.6,-0.12,3631.46,0.01,0.13
TTKPRESTIG,EQ,592.35,0.04,8113.2,0.02,0.13
DOLLAR,EQ,268.65,0.11,1523.68,0.05,0.13
OMAXAUTO,EQ,197.15,0.98,421.33,0.06,0.13
FAZE3Q,EQ,483,-0.3,1174.61,0.03,0.12
METALIC,SM,130.8,3.2,313.72,0.1,0.12
GROWWLIQID,EQ,110.38,0.01,135.54,0.11,0.12
SUPREMEINF,EQ,89.67,-1.09,867.43,0.14,0.12
SGBJUN31I,GB,15285.01,0.02,11875.37,0,0.12
WONDERLA,EQ,471.45,0.59,2992.06,0.03,0.12
JAGSNPHARM,EQ,234.02,0.21,1542.88,0.05,0.12
CHAVDA,SM,136.45,1.04,445.59,0.09,0.12
SPIC,EQ,67.22,0.19,1368.87,0.18,0.12
GROWWRLTY,EQ,10.05,-1.47,15.99,1.22,0.12
SANGAMIND,EQ,594.45,0.34,2986.91,0.02,0.12
OCCLLTD,BE,158,0.66,789.22,0.08,0.12
DMCC,EQ,294.5,0.29,734.48,0.04,0.12
MANBA,EQ,130.63,0.08,656.28,0.09,0.12
INNOVACAP,EQ,1040.45,0.19,5953.97,0.01,0.12
ABSMARINE,ST,242.5,-1.44,595.34,0.05,0.12
HEIDELBERG,EQ,160.44,0.14,3635.78,0.08,0.12
VSTTILLERS,EQ,4541.6,0.31,3929.73,0,0.12
EEPL,SM,134.9,0.78,174.82,0.09,0.12
TAKE,EQ,23.59,0.68,348.98,0.51,0.12
ELECTHERM,EQ,964.4,-1.07,1228.92,0.01,0.12
ELANTAS,EQ,11849,1.23,9393.51,0,0.12
OSWALSEEDS,EQ,13.09,-3.68,119.73,0.9,0.12
AUTOIND,BE,88.7,-4.99,402.48,0.13,0.12
BESTAGRO,EQ,18.85,-0.16,668.56,0.62,0.12
GOACARBON,EQ,358.4,0.69,327.97,0.03,0.12
ENIL,EQ,101,-0.02,481.47,0.12,0.12
PVTBANIETF,EQ,27.59,-0.54,3978.86,0.42,0.12
SML100CASE,EQ,11.28,0,96.59,1.03,0.12
SIMCA,SM,238,-2.46,284.92,0.05,0.12
JAYSREETEA,EQ,89.7,1.56,259.03,0.13,0.12
DBCORP,EQ,210.75,-0.65,3756.72,0.05,0.12
SETFNN50,EQ,799.86,-0.14,3090.06,0.01,0.11
TIRUPATIFL,BE,64.4,0.25,837.46,0.18,0.11
SHOPERSTOP,EQ,428,-0.94,4716.8,0.03,0.11
KSOLVES,EQ,271.8,-0.84,644.72,0.04,0.11
AUTOAXLES,EQ,1778,-0.5,2686.91,0.01,0.11
RSL,EQ,165.13,0.14,1379.95,0.07,0.11
ICICIB22,EQ,115.75,0.03,10129.14,0.1,0.11
ARKADE,EQ,130.34,0.27,2419.94,0.09,0.11
MEDICO,EQ,43.17,-2.48,358.24,0.26,0.11
INDIASHLTR,EQ,665.5,-1.37,7244.27,0.02,0.11
RANASUG,EQ,13.3,3.1,204.25,0.84,0.11
754GS2036,GS,107,0.09,159430,0.1,0.11
CONSUMBEES,EQ,134.45,-0.58,196.5,0.08,0.11
LINCOLN,EQ,621.05,-0.37,1243.95,0.02,0.11
TTKHLTCARE,EQ,1147,0.76,1620.75,0.01,0.11
KSE,EQ,197.48,1.55,631.94,0.06,0.11
KOTARISUG,EQ,26.99,2.66,223.72,0.4,0.11
MHLXMIRU,BE,189,1.47,200.72,0.06,0.11
GROWWPOWER,EQ,11.53,0.09,277.02,0.93,0.11
LIQUIDSBI,EQ,999.99,0,48.35,0.01,0.11
ACSTECH,EQ,51,0.16,309.48,0.21,0.11
THEMISMED,EQ,104.8,0.68,965.21,0.1,0.11
CANTABIL,EQ,235,-0.55,1965.49,0.05,0.11
SSEGL,SM,353,-0.08,917.04,0.03,0.11
NAHARSPING,EQ,300.9,1.42,1085.2,0.04,0.11
DREAMFOLKS,EQ,67.71,2.82,360.69,0.16,0.1
IT,EQ,33.87,-1.14,321.64,0.31,0.1
IRIS,EQ,243,-1.52,499.81,0.04,0.1
FMGOETZE,EQ,454,0.01,2525.7,0.02,0.1
ECOSMOBLTY,BE,113.9,-0.62,683.4,0.09,0.1
MID150CASE,EQ,11.78,-0.51,268.89,0.86,0.1
SHANTI-RE,BE,35.95,9.2,16.63,0.28,0.1
ZIMLAB,EQ,112.27,-2.54,602.42,0.09,0.1
GPTHEALTH,EQ,153.06,-0.17,1255.93,0.07,0.1
GREENPLY,EQ,282.55,-1.31,3529.11,0.04,0.1
MAHKTECH,EQ,23.1,-0.69,447.47,0.44,0.1
AUTOIETF,EQ,30.46,0.2,229.41,0.33,0.1
HONDAPOWER,EQ,2138,0,2168.59,0,0.1
GNRL,EQ,104.41,0.69,1340.65,0.1,0.1
PVSL,EQ,119.1,2.76,847.97,0.08,0.1
CASHIETF,EQ,1075.75,0.01,1009.82,0.01,0.1
SAHYADRI,EQ,385.05,-0.8,421.49,0.03,0.1
VOEPL,EQ,491.8,0.29,1565.55,0.02,0.1
EVEREADY,EQ,352.9,0,2565.13,0.03,0.1
HDFCNIFTY,EQ,273.59,-0.47,5060.17,0.04,0.1
SETFNIFBK,EQ,590.77,-0.48,3704.12,0.02,0.1
INDOAMIN,BE,124.9,0.9,906.62,0.08,0.1
NUCLEUS,EQ,717.35,0.5,1888.45,0.01,0.1
GCHOTELS,ST,101.7,4.09,253.43,0.1,0.1
SARTELE,SM,101.15,0.25,507.24,0.1,0.1
KIRLOSIND,EQ,3831.3,-0.3,4026.46,0,0.1
AVONMORE,EQ,13.5,3.77,380.95,0.72,0.1
PRECAM,EQ,134.77,0.09,1280.12,0.07,0.1
VIVIANA,BE,700,0.57,708.74,0.01,0.1
RAJSREESUG,EQ,35.7,3.51,118.29,0.27,0.1
JLHL,EQ,313.05,-0.67,10262.72,0.03,0.09
MANGLMCEM,EQ,876.3,0.43,2409.59,0.01,0.09
VEEDOL,EQ,1517,-0.3,2643.22,0.01,0.09
SCILAL,EQ,40.25,0.15,1874.84,0.23,0.09
RUPA,EQ,149.4,0.2,1188.1,0.06,0.09
SCODATUBES,EQ,131.13,1.12,785.59,0.07,0.09
NEXT50BETA,EQ,80.56,0.11,2354.5,0.12,0.09
ARFIN,EQ,83.18,-0.61,1403.43,0.11,0.09
PDMJEPAPER,EQ,87.99,0.19,835.47,0.11,0.09
GYFTR,EQ,161.71,-0.31,1242.07,0.06,0.09
MAHASTEEL,BE,1105.8,0.61,1817.32,0.01,0.09
GGBL,SM,235.85,0.88,584.93,0.04,0.09
FINIETF,EQ,33.07,-0.54,214.18,0.28,0.09
AARON,EQ,144.79,4.28,303.28,0.06,0.09
KUANTUM,EQ,80.55,0.27,702.91,0.11,0.09
LICMFGOLD,EQ,137.5,0,1483.87,0.07,0.09
TAALTECH,EQ,4267.8,0.68,1329.99,0,0.09
NILE,EQ,1500,1.52,450.29,0.01,0.09
SAKHTISUG,EQ,18.18,3.12,216.07,0.5,0.09
SWELECTES,EQ,628.4,-0.21,952.58,0.01,0.09
RMC,EQ,259.7,0,274.81,0.03,0.09
SONAMLTD,EQ,58.2,1.41,232.99,0.15,0.09
SHREDIGCEM,EQ,70.85,0.54,1047.97,0.12,0.09
DCMSIL,EQ,74.25,-0.01,645.92,0.12,0.09
INDORAMA,EQ,54.63,-0.24,1426.46,0.16,0.09
GROWWHOSPI,EQ,52.45,-0.42,144.21,0.16,0.09
GOLDSTAR,SM,8.45,4.97,241.84,1.01,0.09
BTML,EQ,9.03,0.89,164.07,0.95,0.09
GTLINFRA,EQ,1.21,0,1538.71,7.09,0.09
QLINE,SM,532,0.54,1241.06,0.02,0.09
ANNAPURNA,EQ,162.05,-0.58,353.59,0.05,0.08
GEOJITFSL,EQ,80.27,1.21,2240.51,0.11,0.08
NIFTYBETA,EQ,269.21,-0.5,73474.21,0.03,0.08
INDOCO,EQ,220.14,0.64,2031.97,0.04,0.08
SICAGEN,EQ,55.89,-1.01,221.17,0.15,0.08
AMBIKCO,EQ,1616.1,0.01,925.22,0.01,0.08
ORIENTHOT,EQ,121.8,-0.45,2175.34,0.07,0.08
RAMKY,EQ,391,0.24,2705.63,0.02,0.08
KCP,EQ,154.6,-0.44,1993.12,0.05,0.08
EKC,EQ,109.26,-0.25,1225.98,0.07,0.08
LANCORHOL,EQ,28.66,-2.15,210.8,0.28,0.08
VISHWARAJ,EQ,5.57,3.72,121.33,1.49,0.08
RIIT,IV,119.5,-0.19,7170,0.07,0.08
EMPOWER,EQ,2.22,2.78,258.36,3.7,0.08
UGROCAP,EQ,92.25,-0.54,1432.53,0.09,0.08
KRONOX,EQ,151.39,-0.09,561.72,0.05,0.08
IRISDOREME,EQ,58.61,0.53,1115.53,0.14,0.08
PERMAGN,EQ,804.9,-1.07,692.09,0.01,0.08
WAAREEINDO,EQ,299,-0.45,1243.95,0.03,0.08
UNITECH,EQ,3.99,1.01,1043.24,1.97,0.08
OPTIEMUS,EQ,556,0.3,4931.1,0.01,0.08
ONEPOINT,EQ,56.92,-0.51,1496.64,0.14,0.08
CHEMBONDCH,BE,268.79,1.93,722.95,0.03,0.08
STLNETWORK,EQ,25.53,0.63,1246.13,0.3,0.08
WPIL,EQ,430.6,-0.76,4205.7,0.02,0.08
BORANA,EQ,318.95,-0.67,849.85,0.02,0.08
LTGILTBEES,EQ,30.05,0,2463.4,0.25,0.08
ESSARSHPNG,EQ,16.31,2,337.58,0.46,0.08
CSM,EQ,100.57,0.2,518.98,0.07,0.07
MUKANDLTD,EQ,135.05,-0.16,1951.41,0.06,0.07
SHAHALLOYS,EQ,76.33,1.92,151.11,0.1,0.07
NEXT50,EQ,770.24,0,1444.7,0.01,0.07
CENTRUM,EQ,24.64,1.4,1199.55,0.3,0.07
VAKRANGEE,EQ,5.81,-0.68,629.33,1.27,0.07
SHREEPUSHK,EQ,380,0.97,1228.83,0.02,0.07
NIFTYETF,EQ,264.09,-0.48,5492.3,0.03,0.07
UNIHEALTH,SM,738,3.3,1173.42,0.01,0.07
RPSGVENT,EQ,887.15,-0.01,2935.26,0.01,0.07
CSLFINANCE,EQ,221,0.66,503.5,0.03,0.07
ALLDIGI,EQ,812.95,0.46,1238.8,0.01,0.07
TCC,EQ,252.4,-1.52,1199.61,0.03,0.07
GROWWNET,EQ,10.55,-0.94,38.48,0.69,0.07
FILATFASH,EQ,0.19,5.56,158.35,40.44,0.07
BALAJITELE,EQ,92.39,-0.36,1126.26,0.08,0.07
PIGL,EQ,106.4,1.7,223.22,0.07,0.07
MATRIMONY,EQ,537.05,-1.1,1110.26,0.01,0.07
KAMAHOLD,EQ,2474.8,0.75,7941.78,0,0.07
PLASTIBLEN,EQ,191.01,-0.41,496.42,0.04,0.07
VIDHIING,EQ,319.75,0.17,1596.99,0.02,0.07
ROTO,EQ,65.58,-0.15,1235.83,0.11,0.07
DIGIKORE,SM,41,10.36,51.93,0.18,0.07
MCL,EQ,59.46,-1.67,161.39,0.12,0.07
OMINFRAL,EQ,86.86,-0.01,836.49,0.08,0.07
20MICRONS,EQ,197.28,0.01,696.13,0.03,0.07
EFFWA,ST,345,-0.22,798.58,0.02,0.07
RUSTOMJEE,EQ,376.45,0.36,4752.32,0.02,0.07
RUSHIL,EQ,16.95,1.01,497.34,0.41,0.07
MANAKSTEEL,EQ,87.28,2.65,571.98,0.08,0.07
DHANBANK,EQ,32.17,-0.68,1269.75,0.21,0.07
ALPHAETF,EQ,26.7,-0.45,419.45,0.26,0.07
SREEL,EQ,257.8,-1.13,596.94,0.03,0.07
NSIL,EQ,5549,-0.11,2850.06,0,0.07
SGBSEP31II,GB,15301.02,-0.23,17862.35,0,0.07
RKSWAMY,EQ,99.01,1.58,499.78,0.07,0.07
IPL,EQ,140.88,-0.12,1622.42,0.05,0.07
SANSTAR,EQ,109.47,0.26,2192.34,0.06,0.07
TGVSL,EQ,107,0.43,1145.86,0.06,0.07
GANGAFORGE,EQ,2.37,-4.82,79.87,2.75,0.07
EBBETF0433,EQ,1316.08,-0.02,6339,0,0.06
ORIENTCEM,EQ,131.11,-0.59,2693.78,0.05,0.06
MARATHON,EQ,360,0.33,2427.14,0.02,0.06
JPOLYINVST,EQ,1008,0.14,1059.6,0.01,0.06
DISAQ,EQ,11676,0.3,1697.93,0,0.06
RAJESHEXPO,BZ,82,-0.71,2421.13,0.08,0.06
DODLA,EQ,1097.6,-0.17,6621.58,0.01,0.06
BRIGHOTEL,EQ,60.97,-0.16,2315.9,0.1,0.06
MAHLOG,EQ,404.5,-0.11,4013.55,0.02,0.06
RAMCOCEM,EQ,917.4,-0.56,21677.46,0.01,0.06
KRT,RR,115.72,0.21,51314.87,0.05,0.06
LIQUIDSHRI,EQ,1117.76,0.01,37.38,0.01,0.06
PARKHOTELS,EQ,116.82,0.29,2492.64,0.05,0.06
KILITCH,BE,169.02,-2.06,590.92,0.04,0.06
TNPL,EQ,140.6,-0.2,973.1,0.04,0.06
TOP10ADD,EQ,87.78,-0.67,695.55,0.07,0.06
GANDHITUBE,EQ,878.75,0.17,1067.86,0.01,0.06
SINGERIND,EQ,80.94,-0.04,503.6,0.08,0.06
PROZONER,EQ,43.09,-0.94,657.57,0.14,0.06
BSLNIFTY,EQ,28.45,-0.59,3346.11,0.21,0.06
LTGILTCASE,EQ,30.59,-0.1,118.69,0.2,0.06
SGBMAR30X,GB,15225,0,2344.18,0,0.06
AKSHOPTFBR,BE,7.32,4.87,119.09,0.83,0.06
TNIDETF,EQ,90,-0.94,172.1,0.07,0.06
SGIL,EQ,553.75,0.75,860.69,0.01,0.06
OMPOWER,EQ,166.69,-0.76,570.83,0.04,0.06
AYMSYNTEX,EQ,274.4,0.92,1613.14,0.02,0.06
AARVI,EQ,152.94,0.22,227.03,0.04,0.06
VASCONEQ,EQ,31.17,0.13,722.2,0.19,0.06
SURAJEST,EQ,210.61,-0.36,1006.16,0.03,0.06
INNOVISION,EQ,278.75,0.67,663.8,0.02,0.06
SMARTWORKS,EQ,494.95,0,5655.4,0.01,0.06
DANISH,SM,790,0.15,1555.64,0.01,0.06
NIFTYCASE,EQ,9.75,-0.31,62.97,0.61,0.06
ASHIANA,EQ,363.95,-0.29,3658.6,0.02,0.06
GROWWMETAL,EQ,12.5,0.64,43.01,0.47,0.06
PSUBNKIETF,EQ,88.02,-0.63,129.09,0.07,0.06
MAMATA,EQ,405.8,0.05,998.58,0.01,0.06
DRAGARWQ,EQ,5399.5,1.99,2609.48,0,0.06
INDOTHAI,EQ,69.57,-5,894.8,0.08,0.06
GROWWNIFTY,EQ,9.81,-0.1,37.02,0.6,0.06
NV20IETF,EQ,13.68,-0.36,176.61,0.43,0.06
ELM250,EQ,16.85,-1.81,165.7,0.34,0.06
GROWWEV,EQ,34.12,-0.18,310.99,0.17,0.06
PSUBANKADD,EQ,87.88,-0.55,1203.71,0.06,0.06
BOROSCI,EQ,132.79,0.08,1181.13,0.04,0.06
CENTEXT,EQ,21.98,0.23,175.84,0.26,0.06
PYRAMID,EQ,166.95,0.16,614.12,0.03,0.06
JITFINFRA,EQ,311.25,1.65,800.03,0.02,0.06
BUTTERFLY,EQ,655.1,-0.12,1171.29,0.01,0.06
MVGJL,EQ,152.46,-0.12,744.73,0.04,0.06
SOFTTECH,EQ,428.1,0.25,592.58,0.01,0.06
ZODIAC,EQ,259.9,1.42,393.82,0.02,0.06
GRINFRA,EQ,869.5,-0.24,8413.33,0.01,0.06
MVKAGRO,SM,206.7,-4.99,1043.92,0.03,0.06
INDUSINVIT,IV,134.02,0.04,8188.7,0.04,0.06
HEXAGON,BE,63.81,0.89,784.34,0.09,0.06
DOLATALGO,EQ,71.07,-0.15,1250.83,0.08,0.05
IMAGICAA,EQ,47.09,0.06,2664.64,0.12,0.05
ELGIRUBCO,EQ,59.04,-0.12,295.5,0.09,0.05
PRABHA,EQ,163.4,0.01,2237.04,0.03,0.05
ABANSENT,EQ,30.89,-3.14,215.45,0.18,0.05
SEL,SM,300,-4.46,69.56,0.02,0.05
GILT5YBEES,EQ,66.22,-0.06,264.58,0.08,0.05
BIRLACORPN,EQ,896.15,-0.63,6900.83,0.01,0.05
SPELS,EQ,150.01,-0.44,691.81,0.04,0.05
WCIL,EQ,87.8,-0.22,895.17,0.06,0.05
PSUBANK,EQ,86.75,-0.72,2663.87,0.06,0.05
SEJALLTD,EQ,685.2,0.44,781.13,0.01,0.05
HERANBA,EQ,165.5,-0.44,662.22,0.03,0.05
SGBMAY29I,GB,15171,0,8069.41,0,0.05
MONQ50,EQ,151.2,-0.13,221.89,0.03,0.05
ORIENTCER,EQ,44.32,0.54,530.24,0.12,0.05
TOP100CASE,EQ,10.7,-0.28,164.49,0.49,0.05
BLIL,EQ,71.1,0.72,1578.23,0.07,0.05
BIL,EQ,842.5,-1.45,1129.83,0.01,0.05
LIQUIDBETF,EQ,1095.05,0.01,581.38,0,0.05
SNOWMAN,EQ,38.58,-0.13,644.63,0.14,0.05
INFRAIETF,EQ,96.56,-0.4,428.78,0.05,0.05
BLKASHYAP,EQ,52.74,-1.84,1188.97,0.1,0.05
COMMOIETF,EQ,100.45,0.21,129.74,0.05,0.05
ESILVER,EQ,231.75,-0.77,1729.95,0.02,0.05
QUICKHEAL,BE,149.6,0.13,811.79,0.03,0.05
CORDSCABLE,BE,215.98,0.9,279.21,0.02,0.05
BHADORA,ST,105.95,3.87,197.07,0.05,0.05
FABTECH,EQ,146.38,0.32,650.67,0.03,0.05
SENSEXIETF,EQ,892.36,-0.51,32531.05,0.01,0.05
RPPINFRA,EQ,58.77,0.72,291.42,0.09,0.05
KRYSTAL,EQ,620.65,0.04,867.17,0.01,0.05
SUNRAKSHAK,EQ,375,-0.9,1162.75,0.01,0.05
SGBDE30III,GB,15136,-0.64,4254.74,0,0.05
SANOFICONR,EQ,4352.4,-0.24,10023.85,0,0.05
724GS2055,GS,98.8,-0.17,111644,0.05,0.05
AAREYDRUGS,EQ,84.06,-1.78,238.35,0.06,0.05
VIESL,SM,309.5,3.05,762.68,0.02,0.05
ROSSARI,EQ,495.9,-0.05,2746.99,0.01,0.05
HITECHCORP,BE,332.85,0.82,571.69,0.01,0.05
NIF100BEES,EQ,269.81,-0.32,354.44,0.02,0.05
GOLDADD,EQ,148.39,-0.17,2676.69,0.03,0.05
EVINDIA,EQ,34.28,0.47,184.07,0.14,0.05
NAVNETEDUL,EQ,134.44,-0.07,2973.99,0.04,0.05
MOLDTECH,BE,177.24,-1.31,510.54,0.03,0.05
HDFCPSUBK,EQ,87.91,-0.02,55.58,0.05,0.05
NOVAAGRI,BE,24.6,-4.32,227.6,0.19,0.05
SRD,EQ,41.8,1.83,267.38,0.11,0.05
INSECTICID,EQ,622.5,0.61,1811.34,0.01,0.05
SILVER360,EQ,228.02,-0.74,45.74,0.02,0.05
BANKNIFTY1,EQ,59.6,-0.48,4708.07,0.08,0.05
TEAMLEASE,EQ,1233.1,-0.52,2067.77,0,0.05
WELSPLSOL,EQ,48.7,0.47,3226.92,0.1,0.05
INDIANHUME,EQ,364.75,0.61,1921.57,0.01,0.05
GREENPOWER,EQ,9.54,-0.1,1119.07,0.49,0.05
GROWWCAPM,EQ,11.12,-1.16,46.07,0.42,0.05
MERCURYEV,EQ,35.71,0.34,678.39,0.13,0.05
MUNJALSHOW,EQ,135.77,-0.62,542.82,0.03,0.05
FEDDERSHOL,EQ,40.3,0.5,811.71,0.11,0.05
9SCL26BA,NA,1072,0,433.62,0,0.05
CHEMICAL,EQ,30.85,0.13,111.23,0.15,0.05
OSIAHYPER,BE,2.7,4.65,47.78,1.71,0.05
INDNIPPON,EQ,1137.1,-0.12,2572.28,0,0.05
INFRABEES,EQ,972.45,-0.55,187.17,0,0.05
NITTAGELA,EQ,1618.9,1.88,1469.83,0,0.05
ORICONENT,EQ,53.73,0.66,843.82,0.08,0.05
KAMDHENU,BE,33.88,0.09,955.02,0.13,0.05
ZTECH,SM,498.05,-0.27,735.34,0.01,0.05
TOLINS,EQ,97.01,-0.07,383.28,0.05,0.04
BIGBLOC,EQ,44.35,0.05,627.89,0.1,0.04
PPL,BE,267.25,-1.98,639.22,0.02,0.04
HESTERBIO,EQ,2426,0.35,2063.77,0,0.04
SIGMA,EQ,45.36,0.47,466.19,0.1,0.04
ONIDA,EQ,35.96,-0.17,1328.33,0.12,0.04
PRIMO,EQ,23.19,-0.39,561.99,0.19,0.04
CHEMBOND,EQ,175.88,2.01,236.53,0.03,0.04
SOMATEX,EQ,89.6,-1.54,295.98,0.05,0.04
IFGLEXPOR,EQ,218.27,-0.32,1573.26,0.02,0.04
HDFCPVTBAN,EQ,27.84,-0.78,872.72,0.16,0.04
ALPL30IETF,EQ,28.27,-0.21,1588.24,0.15,0.04
EIFFL,BE,251.1,-3.79,622.73,0.02,0.04
VESUVIUS,EQ,439.9,-0.17,8928.25,0.01,0.04
ANONDITA,SM,1080.05,-0.61,1953.45,0,0.04
QMSMEDI,BE,138,-0.09,266.86,0.03,0.04
MAKEINDIA,EQ,169.56,0.16,268.67,0.03,0.04
ECORECO,EQ,471,-1.67,908.88,0.01,0.04
DEN,EQ,27.6,-0.65,1317.14,0.15,0.04
GEMAROMA,EQ,171.2,0.91,894.3,0.02,0.04
CUBEXTUB,EQ,83.18,-0.05,119.11,0.05,0.04
AVIANSH,SM,106,0.95,148.16,0.04,0.04
MAANALU,EQ,119.95,0.52,719.52,0.04,0.04
CITIUSINVT,IV,112.63,-1.1,6870.43,0.04,0.04
RBZJEWEL,EQ,136.62,0.32,546.48,0.03,0.04
VIGOR,ST,86.65,-1.37,89.7,0.05,0.04
SUNLITE,SM,457.1,-1.46,631.07,0.01,0.04
WOMANCART,SM,103,-0.43,84.59,0.04,0.04
SHALBY,EQ,153,-0.1,1652.55,0.03,0.04
EGOLD,EQ,152.7,-0.1,1611.71,0.03,0.04
BLUEWATER,ST,409.75,0.1,450.73,0.01,0.04
SHAH,EQ,4.03,0,395.9,1.02,0.04
LIQGRWBEES,EQ,1052.09,0.01,148.03,0,0.04
GRAUWEIL,EQ,67.59,-0.54,3064.61,0.06,0.04
ELIN,EQ,101.76,-0.51,505.84,0.04,0.04
TRU,EQ,4.82,7.59,57.29,0.83,0.04
NAHARINDUS,EQ,118.99,1.37,514.1,0.03,0.04
DENTALKART,SM,400,-2.42,693.74,0.01,0.04
KAMATHOTEL,EQ,193.77,-0.45,571.24,0.02,0.04
OWAIS,ST,71.25,-4.94,129.55,0.06,0.04
MOS,ST,11.1,4.23,285.76,0.36,0.04
MOMIDMTM,EQ,64.95,-0.51,49.1,0.06,0.04
REMSONSIND,EQ,82.8,1.11,288.8,0.05,0.04
TRANSTEEL,SM,80,-0.06,183.06,0.05,0.04
BAJAJST,EQ,357.85,-0.13,744.33,0.01,0.04
ABSLPSE,EQ,10.3,0.19,22.04,0.39,0.04
DUCON,EQ,3.35,3.4,108.85,1.2,0.04
VIVIDEL,ST,1619.2,-0.97,1439.11,0,0.04
NOVARTIND,EQ,1595.3,0.39,3938.92,0,0.04
SANATHAN,EQ,462,-0.32,3899.47,0.01,0.04
OAL,EQ,351.15,0.49,1181.75,0.01,0.04
AONESILVER,EQ,8.89,-0.45,33.64,0.43,0.04
GRADIENTE,EQ,2.85,2.89,94.73,1.35,0.04
ALLTIME,EQ,214.52,0.65,1405.27,0.02,0.04
AVANCE,EQ,0.92,2.22,182.34,4.24,0.04
STRIDERS,SM,61,-2.24,113.56,0.06,0.04
ASHIKAG,BE,431,-2.95,1927.65,0.01,0.04
MOMOMENTUM,EQ,62.92,-0.3,126.25,0.06,0.04
BAJAJINDEF,EQ,218.83,1.63,700.26,0.02,0.04
VLSFINANCE,EQ,259.15,0.99,813.18,0.01,0.04
MIRZAINT,EQ,31.51,0.22,435.47,0.12,0.04
AJOONI,EQ,3.72,-2.36,64.07,1,0.04
STEELXIND,EQ,10.84,-0.73,1382.66,0.34,0.04
SEKURITIND,EQ,120.01,2.04,1093.36,0.03,0.04
GLOBAL,EQ,106.01,-1.36,539.61,0.03,0.04
SBIBPB,EQ,50.26,-0.77,841.07,0.07,0.04
SHANTIGEAR,EQ,393.75,0.1,3020.69,0.01,0.04
STERTOOLS,BE,221.05,-0.38,803.39,0.02,0.04
TRACXN,EQ,29.2,0.45,312.22,0.12,0.04
RUDRA,EQ,24.04,1.01,241.23,0.15,0.04
GICHSGFIN,EQ,139.35,-0.03,750.41,0.03,0.04
JAGRAN,EQ,62.04,0.19,1350.33,0.06,0.04
MIDSMALL,EQ,52.23,-0.34,487.65,0.07,0.04
S&SPOWER,EQ,284.35,-4.48,350.93,0.01,0.04
VIKASLIFE,EQ,1.23,0,228.49,2.86,0.04
NINSYS,EQ,743.3,1.07,1380.75,0,0.04
ONWARDTEC,EQ,284.95,-0.63,633.81,0.01,0.03
URJA,EQ,9.4,-0.63,493.93,0.37,0.03
TECHD,ST,576,-0.57,430.83,0.01,0.03
LOKESHMACH,BE,330.6,0.24,704.07,0.01,0.03
GANESHIN,ST,108,-3.36,461.39,0.03,0.03
FOODSIN,EQ,54.99,2.31,404.35,0.06,0.03
VHL,EQ,3487.5,0.39,1113.05,0,0.03
DPSCLTD,BE,7.28,0.97,708.92,0.49,0.03
SIGNPOST,EQ,267,-0.21,1427.12,0.01,0.03
STCINDIA,EQ,117.09,0.24,702.54,0.03,0.03
AONETOTAL,EQ,12.05,0.08,44.04,0.29,0.03
GENSOL,BZ,18.32,4.99,69.62,0.19,0.03
MANAKALUCO,EQ,38.1,-0.03,249.68,0.09,0.03
SAWALIYA,SM,284,0.82,281.68,0.01,0.03
CORALFINAC,EQ,35.04,2.22,141.22,0.1,0.03
IPHL,SM,70.1,2.04,175.18,0.05,0.03
TECHNVISN,EQ,5000,-0.89,3137.5,0,0.03
CONNPLEX,SM,206,-1.44,393.46,0.02,0.03
KOTYARK,BE,36.36,-4.99,411.12,0.09,0.03
APRAMEYA,SM,130.5,-0.15,248.47,0.03,0.03
DAICHI,EQ,322.4,-2.27,240.23,0.01,0.03
NELCAST,EQ,118,0.91,1026.61,0.03,0.03
CROWN,EQ,108.7,1.55,125.98,0.03,0.03
DICIND,EQ,588,-0.67,539.72,0.01,0.03
RSWM,BE,192.86,-0.85,908.4,0.02,0.03
PRECOT,EQ,700.05,0.23,840.06,0,0.03
SBINEQWETF,EQ,33.74,-0.59,40.46,0.09,0.03
SESHAPAPER,EQ,228.78,0.66,1442.87,0.01,0.03
NEPHROCARE,ST,78.9,-5,130.08,0.04,0.03
MEDICAMEQ,EQ,219.94,0.03,298.3,0.01,0.03
EXCELLENT,ST,197,-4.37,88.06,0.02,0.03
SHARDUL,BE,55.11,0.38,482.17,0.06,0.03
BROOKS,BE,60.69,0.05,178.78,0.05,0.03
SENSEXETF,EQ,80.08,-0.3,42,0.04,0.03
HARRMALAYA,EQ,194.32,0.44,358.63,0.02,0.03
SGBDE31III,GB,15365,-0.21,18602.11,0,0.03
NARMADA,EQ,14.26,-1.31,108.19,0.21,0.03
AONEGOLD,EQ,14.27,0.14,88.42,0.21,0.03
RNBDENIMS,EQ,8.5,-0.93,229.43,0.36,0.03
TSC,ST,50.75,0,73.68,0.06,0.03
HOACFOODS,ST,810,0,351.58,0,0.03
YUKEN,EQ,822,0.01,1116.6,0,0.03
PHANTOMFX,SM,125,2.12,199.03,0.02,0.03
LATTEYS,EQ,22.9,-1.67,131.67,0.13,0.03
PRIMECAB,ST,185,0,339,0.02,0.03
EIHAHOTELS,EQ,293.75,0.53,1790,0.01,0.03
MIDCAP,EQ,18.65,-0.32,211.05,0.16,0.03
SSDL,EQ,61.28,-0.16,242.67,0.05,0.03
KSHITIJPOL,EQ,3.03,0,46.74,0.96,0.03
VINSYS,ST,579,-0.17,854.02,0.01,0.03
SARVESHWAR,EQ,3.45,-1.43,424.91,0.84,0.03
NDTV,EQ,76.24,-0.13,860.18,0.04,0.03
ADISOFT,SM,180,-0.55,293.72,0.02,0.03
AVIENCE,SM,242,2.11,132.74,0.01,0.03
MICEL,BE,36.4,0.05,877.28,0.08,0.03
CTE,EQ,42.8,4.98,84.02,0.07,0.03
MULTICAP,EQ,16.88,-0.35,86.24,0.17,0.03
ARCHIDPLY,EQ,95.69,-0.23,190.09,0.03,0.03
SANGINITA,BE,59.53,4.99,359.24,0.05,0.03
AXITA,EQ,7.37,1.66,282.07,0.38,0.03
SACHEEROME,SM,469,0.55,1049.28,0.01,0.03
GULFPETRO,BE,59.4,-3.52,302.85,0.05,0.03
RUCHIRA,EQ,102.99,0.92,307.37,0.03,0.03
GFLLIMITED,EQ,49.97,0.97,548.92,0.06,0.03
NDRAUTO,EQ,804.1,0.07,1912.58,0,0.03
TREL,EQ,26.29,0.92,645.93,0.11,0.03
SBIETFIT,EQ,338.24,-1.06,81.58,0.01,0.03
SPECIALITY,BE,134.87,-0.82,650.55,0.02,0.03
MOMMIDCAP,EQ,13.06,-0.38,55.7,0.21,0.03
ATL,EQ,23.71,-0.84,597.64,0.11,0.03
LANCER,EQ,11.06,-0.09,390.71,0.25,0.03
BGRENERGY,BE,254.9,1.47,1839.4,0.01,0.03
VILAS,SM,358,0.87,876.38,0.01,0.03
PPAP,BE,279.8,-0.07,396,0.01,0.03
ULTRAMAR,EQ,393,-0.3,1147.56,0.01,0.03
XCHANGING,EQ,61.9,0.29,689.59,0.04,0.03
SUBAHOTELS,SM,111,-0.98,269.09,0.02,0.03
MUFTI,EQ,77.46,0.32,506.54,0.03,0.03
TUNWAL,SM,26.4,0.76,152.31,0.1,0.03
PLATIND,EQ,214.78,0.27,1179.68,0.01,0.03
LANDSMILL,EQ,0.77,2.67,108.62,3.51,0.03
DIVOPPBEES,EQ,78,-0.64,71.27,0.03,0.03
EXXARO,EQ,6.22,3.67,278.29,0.43,0.03
PAVNAIND,EQ,18.63,-1.53,259.94,0.14,0.03
BMWVENTLTD,EQ,57.7,0.14,500.35,0.05,0.03
KORE,SM,160,5.68,194,0.02,0.03
MOVALUE,EQ,114.52,0.03,164.65,0.02,0.03
PELATRO,SM,285.5,0.71,302.56,0.01,0.03
HDFCNIFBAN,EQ,59.2,-0.57,5006.4,0.04,0.03
TRIGYN,EQ,55.25,-0.09,170.09,0.05,0.03
SAHASRA,ST,317,-0.92,792.27,0.01,0.03
SMARTEN,ST,52.9,4.86,100.51,0.05,0.03
SAURASHCEM,EQ,59.23,0.87,659.15,0.04,0.03
LEMERITE,EQ,23.11,-0.6,289.26,0.11,0.03
BANKBETA,EQ,59.49,-0.47,3137.5,0.04,0.02
DURLAX,SM,62.1,-3.12,179.67,0.04,0.02
AKANKSHA,SM,124,0.24,242.8,0.02,0.02
MAJESAUT,BE,357.95,-1.23,372.18,0.01,0.02
EMKAY,EQ,236.82,0.65,644.86,0.01,0.02
AARNAV,EQ,31.49,0.83,133.01,0.08,0.02
BHARATGEAR,BE,101.02,-0.99,155.12,0.02,0.02
ANDHRAPAP,EQ,60,0.07,1193.1,0.04,0.02
SBISMLETF,EQ,18.4,0.22,8.42,0.13,0.02
SHARIABEES,EQ,461.4,-1.04,57.79,0.01,0.02
MINDTECK,EQ,175.64,0.11,561.24,0.01,0.02
SCHAND,EQ,137.35,-0.37,484.46,0.02,0.02
SURANAT&P,EQ,16.19,0,219.8,0.15,0.02
RAJOOENG,BE,50.3,0.26,898.74,0.05,0.02
TRF,EQ,232.81,0.97,256.19,0.01,0.02
MIDSELIETF,EQ,19.87,-0.4,114.44,0.12,0.02
DHARMAJ,EQ,270.4,0.43,913.88,0.01,0.02
PASUPTAC,BE,62.27,1.95,555.03,0.04,0.02
TEJA,SM,390.15,-10,250.37,0.01,0.02
TSFINV,EQ,420.5,0.02,9339.47,0.01,0.02
SBIMIDMOM,EQ,64.09,-0.45,125.64,0.04,0.02
BHARATRAS,EQ,1300.7,-0.02,2161.9,0,0.02
SUNCLAY,EQ,1294.1,0.33,2852.99,0,0.02
SGBJUL29IV,GB,15149.68,0,4429.41,0,0.02
MADRASFERT,EQ,64.79,-0.37,1043.78,0.04,0.02
ADVANIHOTR,EQ,50.23,0.64,464.32,0.05,0.02
ZSARACOM,EQ,13271,3.35,1454.41,0,0.02
ACCELYA,EQ,1134.9,0.05,1693.98,0,0.02
APCL,EQ,105.26,-1.51,309.2,0.02,0.02
SUMMITSEC,EQ,1460,0.99,1591.66,0,0.02
UEL,EQ,211.36,-5,2819.5,0.01,0.02
GLOBECIVIL,EQ,44.99,0.29,268.68,0.05,0.02
ROHLTD,EQ,311.7,1.3,854.84,0.01,0.02
ABCOTS,EQ,202.49,1.42,444.74,0.01,0.02
BCONCEPTS,EQ,156.61,-0.32,195.48,0.01,0.02
RBS,SM,90,-1.53,215.99,0.02,0.02
MENNPIS,EQ,73.51,2.37,374.9,0.03,0.02
GTPL,EQ,53.49,-1.02,601.56,0.04,0.02
UYFINCORP,BE,21.1,-1.36,401.4,0.1,0.02
PANORAMA,EQ,46.01,-2.44,1198.72,0.05,0.02
VINYLINDIA,EQ,234.94,-0.69,430.81,0.01,0.02
RELTD,EQ,159.41,-0.29,3165.08,0.01,0.02
CUDML,ST,104.1,-3.34,183.69,0.02,0.02
MOKSH,EQ,10.72,-0.09,94.6,0.19,0.02
GEEKAYWIRE,EQ,23.17,-0.39,242.17,0.09,0.02
ALLETEC,ST,128.65,-3.02,259.8,0.02,0.02
DYNPRO,EQ,232.45,0.17,288.9,0.01,0.02
HEALTHY,EQ,17,0.06,80.93,0.12,0.02
CPCAP,EQ,130,-0.25,236.51,0.02,0.02
RMDRIP,BE,17.45,-2.35,747.26,0.12,0.02
SHREEKARNI,SM,337.9,4.92,244.26,0.01,0.02
VOITHPAPR,EQ,1460,3.25,641.31,0,0.02
GOLD360,EQ,149.35,0.3,140.07,0.01,0.02
JYOTIRES,EQ,861,0.64,1033.2,0,0.02
KOHINOOR,EQ,27.8,0.07,103.06,0.07,0.02
BCPL,EQ,70.1,-4.43,117.23,0.03,0.02
VHLTD,BE,123.4,-0.19,833.92,0.02,0.02
PASHUPATI,EQ,85.45,0.78,1348.74,0.02,0.02
IFBAGRO,EQ,1047.8,0.93,981.49,0,0.02
KOTIC,EQ,144.69,0.93,1562.97,0.01,0.02
CELLECOR,SM,31.6,0.32,702.55,0.06,0.02
POEL,EQ,150.5,1.41,463.03,0.01,0.02
MWL,EQ,40.75,-0.39,1210.3,0.05,0.02
LAKSHMIMIL,EQ,8503.5,5.41,591.77,0,0.02
SGRL,EQ,515,-4.1,661,0,0.02
ONELIFECAP,BE,35.28,-0.37,131.81,0.05,0.02
BFSI,EQ,27.19,-0.44,405.37,0.07,0.02
PARTH,SM,460,0.17,628.73,0,0.02
PARIN,SM,725,1.68,806.05,0,0.02
ASIANHOTNR,EQ,300.35,0.12,1280.49,0.01,0.02
REMUS,SM,904,-0.36,1065.27,0,0.02
ELDEHSG,EQ,752.05,-1.74,739.49,0,0.02
ITADD,EQ,32.31,-1.4,172.68,0.06,0.02
DEVX,EQ,33.16,0.85,313.8,0.05,0.02
GOODYEAR,EQ,765.05,-0.04,1764.7,0,0.02
ANANTAM,IV,105,0.02,2283.75,0.02,0.02
ASAHISONG,BE,351.5,-1.54,414.32,0.01,0.02
SCANSTL,BE,60.06,-3.49,351.97,0.03,0.02
ESSENTIA,EQ,1.26,-4.55,221.17,1.4,0.02
SYSTANGO,SM,215.65,-1.12,316.33,0.01,0.02
STEL,EQ,591.75,0.06,1092.1,0,0.02
DECCANCE,EQ,548,0.74,767.61,0,0.02
HCL-INSYS,EQ,11.35,0.98,373.65,0.15,0.02
ROXHITECH,SM,54.3,-3.81,124.55,0.03,0.02
EFACTOR,SM,209.9,5.29,275.63,0.01,0.02
APTECHT,BE,94.5,-0.3,548.13,0.02,0.02
BSE500IETF,EQ,39.92,-0.22,364.37,0.04,0.02
ISHANCH,EQ,47.92,1.25,130.84,0.03,0.02
GLOTTIS,BE,65.77,-0.5,607.73,0.03,0.02
MAHEPC,EQ,107.1,-0.2,299.35,0.02,0.02
MOENERGY,EQ,38.9,0.05,68.15,0.04,0.02
BHAGERIA,BE,204,0.95,890.34,0.01,0.02
PRIMESECU,EQ,284,0.25,964.47,0.01,0.02
SHRADDHA,EQ,158.5,5.17,640.36,0.01,0.02
ANDREWYU,EQ,26.47,0.91,1294.25,0.06,0.02
FCSSOFT,EQ,1.52,0.66,259.85,1.09,0.02
OLIL,SM,410,-1.2,280.63,0,0.02
NURECA,BE,331.5,-2.59,316.31,0,0.02
MOBILISE,SM,101.7,-5,96.74,0.02,0.02
SHINDL,EQ,160.1,-1.08,627.82,0.01,0.02
KANORICHEM,BE,153.45,1.42,670.47,0.01,0.02
SILGO,EQ,68.7,-0.13,269.92,0.02,0.02
SHEETAL,SM,323,-0.23,370.03,0.01,0.02
POLYSIL,SM,64.1,-4.97,169.9,0.03,0.02
PRAXIS,EQ,5.6,-4.6,104.05,0.28,0.02
SUNDARAM,EQ,1.18,4.42,55.92,1.35,0.02
SIKKO,BE,5.34,-2.02,233.25,0.3,0.02
BANSWRAS,EQ,116.49,0.88,398.77,0.01,0.02
GENUSPAPER,EQ,11.45,1.33,294.41,0.14,0.02
GICL,EQ,23.45,0.3,262.53,0.07,0.02
RTL,SM,78,-6.08,102.95,0.02,0.02
IVZINGOLD,EQ,132.95,-0.23,777.97,0.01,0.02
CYBERMEDIA,EQ,16.78,0.96,34.66,0.09,0.02
SELMC,EQ,28.75,5.66,95.26,0.05,0.02
GUJAPOLLO,EQ,346.75,-0.69,449.73,0,0.02
AZADIND,EQ,94,2.75,511.77,0.02,0.02
SGBJAN30IX,GB,15263.94,0.5,3561.36,0,0.02
INTENTECH,EQ,80.02,0.26,189.06,0.02,0.02
GPECO,ST,377.85,-0.21,447.03,0,0.02
HDFCMOMENT,EQ,31.45,-0.06,129.14,0.05,0.02
VENTIVE,EQ,590.8,-0.24,13797.64,0,0.02
MOGOLD,EQ,151.25,0.27,1956.94,0.01,0.02
VGINFOTECH,SM,150,-1.19,373.03,0.01,0.01
COUNCODOS,BE,6.92,2.98,53.7,0.22,0.01
GPTINFRA,EQ,114.06,-0.87,1441.31,0.01,0.01
INTLCONV,EQ,78.63,-0.54,501.51,0.02,0.01
RKEC,EQ,23.22,-0.81,59.96,0.06,0.01
GTL,EQ,7.59,2.43,119.39,0.2,0.01
TBI,SM,62,0.65,112.58,0.02,0.01
TARACHAND,EQ,47.07,-0.11,371.03,0.03,0.01
MARC,SM,123.25,2.03,213.39,0.01,0.01
NV20BEES,EQ,140,-0.68,143.57,0.01,0.01
SPENCERS,EQ,31.7,1.38,285.72,0.05,0.01
VINEETLAB,EQ,36.5,-2.3,70.1,0.04,0.01
RAMAPHO,EQ,122.39,0.72,433.09,0.01,0.01
ORIRAIL,EQ,107.5,-1.74,720.88,0.01,0.01
WARDINMOBI,EQ,6.36,1.76,191.32,0.23,0.01
ARIHANT,EQ,1019,-1.22,1015.5,0,0.01
KALYANIFRG,EQ,663.85,1.86,241.51,0,0.01
ESFL,SM,132.5,-0.97,329.12,0.01,0.01
3BBLACKBIO,EQ,1148.7,0.03,985.89,0,0.01
SADBHIN,BE,2.79,-0.71,98.27,0.51,0.01
BELLACASA,EQ,224,0.59,299.88,0.01,0.01
JEYYAM,ST,23,0.66,109.24,0.06,0.01
PAR,EQ,100.17,-0.73,123.26,0.01,0.01
HECPROJECT,EQ,123,2.59,133.31,0.01,0.01
DENORA,EQ,832,0.17,441.68,0,0.01
CPL,EQ,68.45,-0.01,411.92,0.02,0.01
SMARTLINK,BE,221.25,-1.12,220.7,0.01,0.01
TECHERA,SM,172.1,0.67,284.33,0.01,0.01
SGBAPR28I,GB,15239.09,0,2701.7,0,0.01
SICALLOG,BE,112.3,2.14,895.98,0.01,0.01
OSWALAGRO,EQ,37.85,0.08,508.08,0.03,0.01
DVL,EQ,264.82,-0.41,927.53,0,0.01
DIVINEHIRA,ST,109.7,-1.08,429.38,0.01,0.01
PHOENXINTL,EQ,31.7,-2.7,53.22,0.04,0.01
GVKPIL,BE,2.34,0,369.4,0.56,0.01
PRLIND,SM,43.55,1.16,99.57,0.03,0.01
SAFEENTP,SM,260,2.06,1211.72,0.01,0.01
CINELINE,EQ,88.95,0.52,304.8,0.01,0.01
DOLLEX,SM,32.45,1.25,129.63,0.04,0.01
DHARAN,BZ,0.16,0,83.66,8.1,0.01
SUNDRMBRAK,BE,892,-0.87,350.96,0,0.01
COOLCAPS,ST,20.65,4.56,242.89,0.06,0.01
TIPSFILMS,EQ,340.9,-0.19,147.37,0,0.01
GOLDTECH,BE,48.49,0.94,253.42,0.03,0.01
EQUAL50ADD,EQ,346.5,-0.43,1392.81,0,0.01
SHIVASHRIT,SM,125,0,228.36,0.01,0.01
SMALLGROWW,EQ,48.95,0.64,7.08,0.03,0.01
ORIENTBELL,EQ,349.55,0.14,514.2,0,0.01
VRAJ,EQ,122.25,0.62,403.21,0.01,0.01
INFINIUM,SM,247.5,3.38,385.68,0.01,0.01
SIEL,EQ,38.57,9.98,53.42,0.03,0.01
VETO,BE,120.98,0.64,231.25,0.01,0.01
MEIL,EQ,271.2,0.65,749.33,0,0.01
KDL,SM,90,-1.96,108.22,0.01,0.01
FLEXITUFF,BE,3.05,0.33,10.01,0.4,0.01
ACGL,EQ,1811.4,2.53,1102.89,0,0.01
AFIL,EQ,9.45,0.53,403.28,0.13,0.01
KOKUYOCMLN,EQ,84.56,-0.2,848.17,0.01,0.01
EVIETF,EQ,34.22,0.15,78.77,0.04,0.01
BARFLEX,SM,60,0,148.49,0.02,0.01
BRACEPORT,SM,75,0,84.76,0.02,0.01
SATTVAENGG,SM,75,1.42,131.01,0.02,0.01
HEXATRADEX,EQ,160.58,2.08,887.12,0.01,0.01
SMALL250,EQ,18.42,0.05,82.78,0.06,0.01
LIBERTSHOE,EQ,248.1,0.02,422.76,0,0.01
ATMASTCO,SM,147,0,363.6,0.01,0.01
BLACKROSE,BE,106.21,1.03,541.67,0.01,0.01
APS,SM,237.5,0,478.8,0.01,0.01
BHANDARI,EQ,3.02,-0.33,100.55,0.38,0.01
ELPROINTL,EQ,176.01,0.39,2983,0.01,0.01
SAHANA,SM,785.85,0,833.36,0,0.01
LORDSCHLO,EQ,142.17,1.56,407.37,0.01,0.01
MOMENTUM,EQ,31.57,0,39.34,0.04,0.01
TREJHARA,EQ,165.11,0.82,398.19,0.01,0.01
SOMICONVEY,EQ,81.6,-1.79,96.12,0.01,0.01
NIF100IETF,EQ,28.42,-0.46,160.02,0.04,0.01
PURVFLEXI,SM,47.35,-4.92,99.35,0.02,0.01
ALBERTDAVD,EQ,802,-0.51,457.71,0,0.01
SIL,EQ,20.21,-0.39,130.01,0.06,0.01
SIDDHIKA,SM,225.8,5,139.52,0.01,0.01
SHYAMDHANI,ST,56,0,115.67,0.02,0.01
BLBLIMITED,EQ,16.34,1.93,86.38,0.07,0.01
INDIQUBE,EQ,179.68,0.59,3809.17,0.01,0.01
HDFCBSE500,EQ,37.92,-0.52,103.95,0.03,0.01
SILINV,EQ,454.75,1.13,481.85,0,0.01
NECLIFE,EQ,11.18,-0.45,217.18,0.1,0.01
CAPITALSFB,EQ,282.85,0.46,1285.98,0,0.01
GRPLTD,EQ,2049.2,0,1092.91,0,0.01
PILANIINVS,EQ,4431.3,-0.31,4906.45,0,0.01
TEXMOPIPES,EQ,45.62,0,133.19,0.02,0.01
ROLLT,BE,3.24,2.21,81.04,0.33,0.01
ENFUSE,SM,177,10.83,156.6,0.01,0.01
EMPIND,EQ,1115,1.13,669,0,0.01
BANKETF,EQ,586.01,-0.28,322.2,0,0.01
KNAGRI,EQ,211.05,-2.38,527.6,0,0.01
REPRO,EQ,326.6,0.45,468.52,0,0.01
ESPRIT,SM,66,-1.49,144.84,0.02,0.01
SATIA,EQ,59.98,1.25,599.8,0.02,0.01
BODALCHEM,BE,69.11,-0.43,870.4,0.02,0.01
AEPL,EQ,14.92,-0.07,374.55,0.07,0.01
9IIFL28A,NT,1045,0.48,124.29,0,0.01
BALPHARMA,EQ,85.47,0.55,136.08,0.01,0.01
HLVLTD,EQ,6.7,-0.45,441.7,0.16,0.01
NCLIND,EQ,171.72,-0.17,776.74,0.01,0.01
BNAGROCHEM,EQ,233.4,0.28,2282.02,0,0.01
A2ZINFRA,EQ,14.31,-1.24,254.03,0.07,0.01
935TSIIC28,N0,103000,-0.29,1286.89,0,0.01
ZEELEARN,BE,7.98,0,261.53,0.13,0.01
733GS2026,GS,102.31,0.6,47062.6,0.01,0.01
SILVERBND,EQ,232.87,-0.82,12.27,0,0.01
MRIL,ST,63.5,0.79,140.36,0.02,0.01
AONENIFTY,EQ,10.04,-0.1,22.19,0.1,0.01
EQUIPPP,BE,22.75,4.6,234.54,0.05,0.01
IVC,EQ,8.3,-0.24,260.65,0.12,0.01
VARDHACRLC,BE,44.28,-0.43,355.85,0.02,0.01
MANUFGBEES,EQ,167.48,0.12,11.77,0.01,0.01
RHFL,BZ,1.77,-0.56,85.77,0.57,0.01
PRITIKAUTO,BE,17.6,0.63,293.06,0.06,0.01
SIGIND,EQ,71.1,-0.07,209.3,0.01,0.01
BBTCL,EQ,236.61,1.4,485.32,0,0.01
DIGIDRIVE,EQ,17.55,0.17,67.68,0.05,0.01
DHUNINV,EQ,1010.5,-0.41,616.12,0,0.01
ENCOMPAS,SM,245,-0.24,347.5,0,0.01
LKPSEC,EQ,16.95,3.1,140.24,0.06,0.01
MCON,SM,47.95,3.79,35.17,0.02,0.01
ATLANTAA,EQ,39.94,0.76,325.51,0.02,0.01
COMFINTE,EQ,6.48,-0.77,207.32,0.15,0.01
AIRAN,EQ,15.22,-0.07,190.28,0.06,0.01
MAZDA,BE,235.9,2.17,472.39,0,0.01
EXCELINDUS,EQ,994.05,0.35,1249.59,0,0.01
IDEALTECHO,SM,189,1.1,94.5,0.01,0.01
DISHTV,EQ,2.81,0,517.39,0.34,0.01
AKCAPIT,EQ,1760.8,0.74,1162.13,0,0.01
SGBOCT26,GB,15200,0,475.09,0,0.01
HDFCSENSEX,EQ,88.04,-0.24,955.97,0.01,0.01
SGBJUN28,GB,15145,-0.01,3617.12,0,0.01
CEMNTGROWW,EQ,15,-0.6,7.63,0.06,0.01
ITBETA,EQ,320.64,-2.15,6.65,0,0.01
HGS,EQ,412.4,-0.16,1918.5,0,0.01
RCOM,BE,0.81,0,224.01,1.13,0.01
BASML,BE,24.4,0.08,195.01,0.04,0.01
IMPAL,EQ,1069.4,-1.26,1334.61,0,0.01
DHATRE,EQ,4.48,5.16,48.81,0.2,0.01
NEUEON,BE,18.27,4.1,1033.07,0.05,0.01
CANARYS,SM,22,3.77,129.24,0.04,0.01
DIAMINESQ,EQ,241.11,2.23,242.4,0,0.01
ANUHPHR,EQ,76.83,1.47,770.02,0.01,0.01
SBINMID150,EQ,23.44,-0.13,14.05,0.04,0.01
ONIXSOLAR,EQ,356.65,-4.99,1314.89,0,0.01
UNITEDPOLY,BE,34.86,3.08,800.09,0.03,0.01
HILTON,BE,20.37,1.14,104.84,0.04,0.01
GOLDBND,EQ,152.36,-0.31,10.83,0.01,0.01
HDFCGROWTH,EQ,121.09,-0.23,20.87,0.01,0.01
AHLADA,EQ,37.4,1.08,48.32,0.02,0.01
SMLT,EQ,69.25,-1.48,94.8,0.01,0.01
THEJO,EQ,2104.7,-0.4,2283.07,0,0.01
HPAL,EQ,35.69,0.14,327.9,0.02,0.01
ITAXIS,EQ,335.74,-1.73,56.43,0,0.01
AAKAAR,SM,50.6,0.1,71.71,0.02,0.01
TARAPUR,EQ,14.8,3.28,28.86,0.06,0.01
WORTHPERI,EQ,157.88,1.67,248.68,0.01,0.01
CREST,EQ,360.1,1.35,1024.48,0,0.01
HINDALUMI,EQ,102.94,3.8,64.85,0.01,0.01
VAL30IETF,EQ,15.36,-0.19,48.19,0.05,0.01
KCEIL,SM,79.85,3.97,97.61,0.01,0.01
DONEAR,EQ,88.5,0.98,460.2,0.01,0.01
ZENITHEXPO,EQ,196,-4.16,105.77,0,0.01
TVTODAY,EQ,112.95,1.82,673.96,0.01,0.01
WEALTH,EQ,866.5,-1.17,923.26,0,0.01
VCL,EQ,1.85,4.52,33.99,0.42,0.01
VASWANI,EQ,48.06,0.21,158.34,0.02,0.01
COASTCORP,EQ,41.81,0.14,280.03,0.02,0.01
SYNOPTICS,ST,63.75,-4.99,54.06,0.01,0.01
BANG,EQ,28.22,-2.01,38.27,0.03,0.01
SARLAPOLY,EQ,101.48,-0.13,806.8,0.01,0.01
SBGLP,EQ,25.25,1.2,437.88,0.03,0.01
MADHAVIPL,EQ,7.13,1.28,192.21,0.11,0.01
SURANASOL,EQ,25.63,0.55,126.12,0.03,0.01
VAISHALI,EQ,8.36,0.24,109.07,0.09,0.01
COMPEAU,EQ,389.55,10.95,249.68,0,0.01
SANDESH,EQ,1091,0.85,825.82,0,0.01
NIFTY100EW,EQ,35.69,-0.14,34.78,0.02,0.01
ONDOOR,SM,244,0,170.81,0,0.01
IL&FSENGG,BZ,36.55,2.12,479.25,0.02,0.01
KAMOPAINTS,EQ,4.51,1.81,148.38,0.16,0.01
SWISSMLTRY,EQ,13.11,-1.87,309.58,0.05,0.01
AVROIND,EQ,8.6,1.18,115.39,0.08,0.01
MANAKSIA,EQ,59.78,1.55,391.76,0.01,0.01
ESG,EQ,41.85,-0.24,98.93,0.02,0.01
SHANTI,EQ,6.35,0.32,7.05,0.11,0.01
BOHRAIND,EQ,14.11,0.71,29.87,0.05,0.01
VARDMNPOLY,EQ,6.2,0.16,299.47,0.11,0.01
SADHAV,SM,116.25,0,187.55,0.01,0.01
GLOBALVECT,EQ,151.18,1.46,211.65,0,0.01
NIFTYADD,EQ,255.79,-0.4,219.77,0,0.01
GANGABATH,SM,22.6,2.03,50.19,0.03,0.01
ALPA,EQ,63.9,0.28,134.45,0.01,0.01
1050UCL28,NH,1015,0.2,55.76,0,0.01
INTERNET,EQ,14.24,-0.77,35.45,0.05,0.01
MANORG,EQ,450.95,0.74,386.21,0,0.01
AONELIQUID,EQ,1073.07,0.01,299.65,0,0.01
ABSLBANETF,EQ,58.96,-0.52,2519.22,0.01,0.01
MADHAVBAUG,ST,165,-4.62,173.47,0,0.01
CONS,EQ,12.44,-0.56,35.96,0.05,0.01
NIBL,EQ,32.26,-1.41,78.17,0.02,0.01
ADROITINFO,EQ,9.95,-0.4,54.36,0.06,0.01
SAKUMA,EQ,1.59,-0.63,249.27,0.41,0.01
SHIVAUM,EQ,446,0.2,606.58,0,0.01
GOYALSALT,SM,107,0,191.53,0.01,0.01
PTL,EQ,38.75,0.26,512.96,0.02,0.01
MNC,EQ,34.68,-0.23,47.88,0.02,0.01
CCCL,EQ,15.46,-0.83,690.69,0.04,0.01
BPL,EQ,50.15,0,245.61,0.01,0.01
HMVL,BE,88.03,-3.23,648.53,0.01,0.01
ABSLNN50ET,EQ,78.61,0.29,55.02,0.01,0.01
PHOGLOBAL,SM,15.6,-1.27,30.18,0.04,0.01
HTMEDIA,EQ,26.09,1.24,476.55,0.02,0.01
HALDYNGL,BE,127,0.51,682.65,0,0.01
DCG,SM,51.3,-3.3,93.11,0.01,0.01
CHEMCON,BE,189.49,0.26,694.12,0,0.01
92GS2030,GS,113,-0.88,69929.54,0.01,0.01
VERTOZ,BE,36,0.08,306.83,0.02,0.01
ORIENTPPR,EQ,17.1,0,362.84,0.04,0.01
ORBTEXP,BE,230.73,0,611.69,0,0.01
NDL,EQ,2.33,0,335.86,0.26,0.01
UNIDT,BE,224.99,-1.73,456.8,0,0.01
SGBJUL28IV,GB,15137.98,0,6253.23,0,0.01
IDFNIFTYET,EQ,268.41,-1.18,3.84,0,0.01
VTMLTD,EQ,47.5,1.19,477.7,0.01,0.01
CONSUMER,EQ,12.23,-0.41,64.53,0.05,0.01
GOLDKART,SM,94,4.16,157.78,0.01,0.01
RVHL,EQ,43.2,0.35,264.93,0.01,0.01
KONSTELEC,ST,58.3,-4.82,88.03,0.01,0.01
LOTUSEYE,EQ,116,0.15,241.24,0.01,0.01
GAYAHWS,EQ,1.9,0.53,45.53,0.3,0.01
EUROBOND,EQ,155.27,0.17,380.41,0,0.01
TUTIALKA,EQ,57,0.51,694.46,0.01,0.01
JMA,EQ,88.98,3.23,203.24,0.01,0.01
TANAA,EQ,306,1.68,780.32,0,0.01
PALASHSECU,EQ,87.23,-2.84,87.26,0.01,0.01
HDFCQUAL,EQ,59.68,-0.07,20.66,0.01,0.01
DHARIWAL,SM,18.55,-2.88,174.4,0.03,0.01
INDPRUD,EQ,6250,0.76,1047.4,0,0.01
AGSTRA,BZ,2.06,1.98,26.46,0.27,0.01
HAZOOR,EQ,21.82,1.54,627.6,0.03,0.01
CONSOFINVT,BE,277.95,2.21,898.51,0,0.01
SUDARCOLOR,EQ,409.2,0.02,944.51,0,0.01
VMOBILE,SM,68.1,0,42.02,0.01,0.01
OILCOUNTUB,BE,59.2,-0.67,307.78,0.01,0.01
DELAPLEX,SM,90,0,82.43,0.01,0.01
JAYAGROGN,EQ,219.8,0.97,659.4,0,0.01
VINNY,EQ,1.07,0.94,49.78,0.51,0.01
SELECTIPO,EQ,48.4,-0.04,22.67,0.01,0.01
AONETMMQ50,EQ,10.42,-0.19,16.22,0.05,0.01
AHLEAST,EQ,139.9,-0.74,241.91,0,0.01
KHAITANLTD,EQ,147.5,0.31,70.06,0,0.01
GROWWCHEM,EQ,30.75,0.03,12.32,0.02,0.01
NBIFIN,EQ,2099,1.7,620.22,0,0.01
EBBETF0431,EQ,1443.96,0.05,13435.68,0,0.01
HDFCNIF100,EQ,26.32,0.04,75.5,0.02,0.01
MSCI360,EQ,10.21,-0.87,6.53,0.05,0.01
694GS2036,GS,103.1,1.22,140069.7,0.01,0.01
TOP20,EQ,8.99,-0.44,15,0.06,0.01
MLKFOOD,EQ,84.7,4,216.8,0.01,0.01
MOM50,EQ,254.3,0.01,83.28,0,0.01
VISACHROME,EQ,38,-1.07,554,0.01,0.01
GROWWMC150,EQ,235.6,-0.77,6.49,0,0.01
AKG,EQ,8.91,-0.78,28.31,0.05,0
BIRLAMONEY,EQ,129.01,-0.66,729.03,0,0
FMCGADD,EQ,48.28,-0.6,5.97,0.01,0
RBMINFRA,SM,242.05,0.5,257.37,0,0
956AEL29,N6,1051,1.06,52.93,0,0
HEALTHX,EQ,295.9,1.51,941.27,0,0
KAYTEX,SM,58,3.02,85.26,0.01,0
MAITREYA,SM,116,0.43,78.6,0,0
GOKUL,EQ,38.5,-0.47,381.13,0.01,0
NIFTYAXIS,EQ,268.75,-0.41,1064.84,0,0
EVERESTIND,BE,450,0.08,713.51,0,0
STLSTRINF,EQ,21.89,15.27,18.92,0.02,0
BSHSL,EQ,88.99,0.38,933.84,0.01,0
UFO,EQ,66.88,0.62,259.66,0.01,0
CRSL,EQ,2.13,0.95,90.13,0.22,0
SAGCEM,EQ,170.57,0.92,2229.48,0,0
CHOICEGOLD,EQ,151.83,-0.16,52.38,0,0
KRITIKA,EQ,5.54,0,147.52,0.08,0
RAJMET,EQ,3.28,1.55,90.69,0.14,0
ROML,EQ,44.06,-0.07,66.04,0.01,0
MUTHOOTCAP,EQ,255.82,-1.11,420.76,0,0
DBEIL,BE,6.9,0.88,321.41,0.06,0
VIKASECO,EQ,1.1,0.92,194.56,0.4,0
SNEHAA,SM,43.35,-7.77,44.13,0.01,0
ADDICTIVE,SM,43.25,0,68.81,0.01,0
BEARDSELL,EQ,25.2,1.33,99.38,0.02,0
MOHEALTH,EQ,51.71,0.58,44.29,0.01,0
TRITONV,EQ,1174,2.21,601.34,0,0
OSWALGREEN,EQ,21.24,0.76,545.46,0.02,0
CONSUMIETF,EQ,125.19,-0.2,52.55,0,0
SAHAJSOLAR,SM,105,-0.24,230.71,0,0
EBIX,EQ,16.83,3.57,360.66,0.02,0
PPSL,SM,2.75,-3.51,8.06,0.15,0
KALANA,SM,20.8,4,27.12,0.02,0
GROWWSC250,EQ,10.62,0.28,17.51,0.04,0
LAGNAM,EQ,79.34,1.8,140.19,0.01,0
AATMAJ,SM,20.5,13.26,46.33,0.02,0
ROCKINGDCE,SM,163,-2.66,92.24,0,0
BVCL,EQ,40.88,0.86,90.59,0.01,0
BIMETAL,EQ,613,-1.13,234.47,0,0
BATLIBOI,EQ,88.47,0.71,416.98,0,0
SPCENET,EQ,3.64,1.39,206.66,0.11,0
BANKPSU,EQ,87.63,-0.52,48.78,0,0
TECH,EQ,33.38,-1.1,27.02,0.01,0
LPDC,EQ,7.85,-0.25,105.3,0.05,0
AMNPLST,EQ,188.39,1.53,1036.52,0,0
VIRINCHI,EQ,15.03,0,166.17,0.03,0
STEELCITY,EQ,82.55,0.95,124.71,0,0
KCK,ST,15.5,4.03,98.58,0.03,0
NV20,EQ,14.04,-0.21,79.06,0.03,0
SHIVAAGRO,EQ,39.6,3.39,39.57,0.01,0
HBPOR,EQ,62.97,-0.03,67.78,0.01,0
INDOUS,EQ,86.02,1.5,172.49,0,0
MBLINFRA,EQ,24.38,0,371.87,0.02,0
ZEAL,SM,63.5,0,84.52,0.01,0
NIPPOBATRY,EQ,328,-1,246,0,0
CLEDUCATE,BE,59.98,1.66,325.65,0.01,0
SPCL,SM,63,1.61,151.93,0.01,0
SUKHJITS,EQ,159.09,0.79,497.06,0,0
BENGALASM,EQ,6234.5,0,7109.76,0,0
WSI,EQ,61.11,0.46,463.8,0.01,0
HMT,BZ,61.88,2.65,4705.05,0.01,0
NIRAJ,EQ,28.78,0.59,171.8,0.01,0
MFML,EQ,19.84,6.27,21.07,0.02,0
SBIETFQLTY,EQ,226.75,-0.38,82.45,0,0
MANBRO,EQ,53.3,-1.3,309.2,0.01,0
JKIPL,EQ,97.5,0.41,374.26,0,0
SBIETFPB,EQ,279.49,0.17,645.48,0,0
JHS,EQ,8.59,1.66,75.08,0.04,0
DCM,BE,83.9,2.22,156.71,0,0
SIMBHALS,BZ,7.09,3.81,29.27,0.05,0
KRITINUT,EQ,87.49,2.75,438.36,0,0
NEXT50ETF,EQ,75.2,-1.01,20.77,0,0
INVPRECQ,BE,1180,-1.4,1180,0,0
AKI,EQ,4.15,0.48,42.83,0.08,0
AAATECH,EQ,92.18,0.22,118.24,0,0
MEGASTAR,EQ,317.5,1.84,358.57,0,0
SHEMAROO,BE,131.45,1.82,377.66,0,0
TGL,ST,18.1,-4.99,21.72,0.02,0
GOYALALUM,EQ,6.42,0.31,91.63,0.05,0
RPPL,BE,23.8,3.57,176.7,0.01,0
FLEXIADD,EQ,10.25,-0.49,14.72,0.03,0
GRAPHISAD,SM,26.65,2.5,48.71,0.01,0
SHIVACEM,EQ,17.14,-0.41,505.63,0.02,0
INDOWIND,EQ,8.8,0.69,141.68,0.04,0
GSS,EQ,12.9,-0.85,33.74,0.02,0
SHEKHAWATI,BE,18.35,-0.16,63.25,0.02,0
QUINT,EQ,37.59,0.62,177.45,0.01,0
KICL,EQ,5280.5,-0.23,2305.1,0,0
ZODIACLOTH,EQ,74.15,-1.92,203.6,0,0
CAPTRUST,BE,21.3,-0.33,72.46,0.01,0
BLAL,EQ,169.8,0.22,707.12,0,0
CFEL,EQ,30.7,1.79,76.81,0.01,0
ECAPINSURE,EQ,23.76,-0.54,15.7,0.01,0
BAGFILMS,EQ,4.41,-1.12,96.03,0.07,0
SGBAUG30,GB,15224,0,5115.89,0,0
ROSSELLIND,EQ,56.41,1.15,212.65,0.01,0
K2INFRA,ST,50.15,0.3,63.28,0.01,0
BALAJEE,EQ,27.3,0.18,222.69,0.01,0
ZENITHSTL,EQ,5.54,1.09,78.82,0.05,0
FIBERWEB,EQ,26.5,-1.71,76.3,0.01,0
SENSEXBETA,EQ,857.77,0.03,57060.85,0,0
TOP15IETF,EQ,9.96,-0.6,13.15,0.03,0
INDTERRAIN,EQ,31.74,2.19,160.82,0.01,0
SWARNSAR,EQ,36.8,2.05,76.83,0.01,0
RSSOFTWARE,EQ,32.5,2.88,83.95,0.01,0
SRTL,EQ,39.24,0.31,156.86,0.01,0
AAKASH,EQ,8.9,1.48,90.11,0.03,0
IVZINNIFTY,EQ,278.92,-0.11,93.35,0,0
CYBERTECH,BE,133.64,0,406.01,0,0
INDBANK,EQ,32.38,0,143.7,0.01,0
SADBHAV,EQ,8.3,0.48,142.4,0.03,0
TNTELE,EQ,9.13,1.9,41.7,0.03,0
DBSTOCKBRO,BE,32,-1.57,112,0.01,0
IGCL,EQ,71.32,-0.08,450.91,0,0
LINC,EQ,97.98,0.72,582.87,0,0
QUAL30IETF,EQ,21.5,-0.69,143.46,0.01,0
KOTHARIPRO,EQ,69.42,1.22,414.35,0,0
NILAINFRA,EQ,7.08,0.85,278.87,0.04,0
SANWARIA,BZ,0.2,5.26,14.72,1.41,0
HEADSUP,EQ,6.69,0,14.77,0.04,0
IITL,EQ,148.85,-1,335.62,0,0
SRHHYPOLTD,EQ,496.05,0,851.46,0,0
OBCL,EQ,53.16,-1.54,112.08,0,0
SUPERHOUSE,EQ,167.43,-1,184.59,0,0
MANGALAM,EQ,28.48,2.3,45.08,0.01,0
AROGRANITE,EQ,24.21,-1.47,37.04,0.01,0
DEVIT,EQ,25.9,-0.46,145.98,0.01,0
SSFLPP,E1,123.35,2.62,213.82,0,0
NAHARPOLY,EQ,241,1.41,592.57,0,0
PVTBANKADD,EQ,27.74,-0.36,772.39,0.01,0
PARSVNATH,BE,1.45,-1.36,63.1,0.17,0
ENKEIWHEL,EQ,400,-0.21,719,0,0
OMFREIGHT,BE,92.5,-2.95,311.5,0,0
INSUREIETF,EQ,15.41,-0.71,44.85,0.02,0
GLFL,EQ,5.9,4.61,16,0.04,0
AFSL,EQ,202.39,0.59,1028.95,0,0
RSDFIN,BE,101.17,-5,130.98,0,0
GENCON,EQ,39.11,-0.13,222.87,0.01,0
MIDCAPADD,EQ,23.49,-0.25,5.64,0.01,0
KANCOTEA,EQ,52,4.73,26.64,0,0
MALLCOM,EQ,955.05,-0.1,595.95,0,0
LOYALTEX,EQ,219,-0.9,105.48,0,0
POLYSPIN,EQ,32.7,3.71,32.7,0.01,0
VIVIMEDLAB,BE,5.01,-2.72,41.54,0.04,0
MGEL,BE,14.9,1.5,491.04,0.01,0
VALUEAXIS,EQ,33.06,0.21,33.02,0.01,0
VSTL,EQ,106.87,0,202.65,0,0
BRIGHTBR,EQ,231.1,-0.22,131.27,0,0
SUPREME,EQ,41.54,2.04,160.54,0.01,0
GROWWN200,EQ,11.48,-0.61,16.56,0.02,0
AUSTENG,EQ,125,1.73,43.47,0,0
NATHBIOGEN,EQ,154.21,-0.14,293.06,0,0
IEML,SM,41.9,3.58,76.82,0.01,0
ENERGYDEV,EQ,16.5,-0.06,78.38,0.01,0
ZFSTEERING,EQ,664,-1.43,602.47,0,0
SUVIDHAA,EQ,2.5,0.4,52.45,0.08,0
WILLAMAGOR,EQ,26,4.29,28.49,0.01,0
PIONEEREMB,EQ,22.61,-0.75,69.66,0.01,0
KEEPLEARN,EQ,1.92,0,29.9,0.11,0
DIGISPICE,EQ,16.73,0.66,392.6,0.01,0
AKSHAR,EQ,0.41,0,32.29,0.5,0
BURNPUR,BE,16.54,-5,28.49,0.01,0
RADIOCITY,EQ,6.6,-0.9,228.15,0.03,0
21STCENMGM,EQ,45.81,1.96,48.1,0,0
NIRMAN,SM,32.7,4.31,26.19,0.01,0
AMDIND,EQ,52.24,1.61,100.13,0,0
MMWL,EQ,15.52,2.04,1758.02,0.01,0
BNKETFAXIS,EQ,592.91,-0.63,332.52,0,0
DRONE,SM,38.65,2.79,94.31,0.01,0
MEDICAPQ,EQ,25,-1.03,31.17,0.01,0
SHIVAMILLS,EQ,62.66,3.95,54.15,0,0
YUDIZ,SM,23.4,-4.88,24.15,0.01,0
PARASPETRO,EQ,2.26,-1.74,75.53,0.08,0
BAIDFIN,EQ,9.61,0.1,148.85,0.02,0
AIROLAM,EQ,89,1.81,133.52,0,0
QNIFTY,EQ,267.6,-0.32,64.26,0,0
TGBHOTELS,EQ,9.4,2.17,27.53,0.02,0
INSPIRISYS,BE,91.89,0.32,364.04,0,0
LOTUSCHO,EQ,621,-0.17,797.43,0,0
NITIRAJ,EQ,208.96,2.82,214.2,0,0
UMESLTD,EQ,5.9,-1.99,15.59,0.03,0
JETFREIGHT,EQ,22.72,-0.04,105.43,0.01,0
GLOBALE,EQ,10.9,0.28,11.58,0.02,0
PATINTLOG,BE,14.02,2.34,89.99,0.01,0
BANKADD,EQ,58.84,-0.71,440.54,0,0
AGROPHOS,EQ,26.51,0.45,53.75,0.01,0
PRITI,BE,34.49,-0.2,46.06,0.01,0
WATERBASE,EQ,47.85,1.57,198.23,0,0
RELIABLE,EQ,140.89,1.55,145.4,0,0
ACCURACY,BE,4.79,0.84,72.12,0.04,0
SENSEXAXIS,EQ,80.58,-0.64,128.77,0,0
MOHITIND,EQ,22.81,-1.77,32.29,0.01,0
INDOKEM,EQ,605,2.45,1687.24,0,0
892PFCL33,N8,1280.42,0,1103.67,0,0
UNITEDTEA,EQ,459.55,0.86,229.62,0,0
HAMPTON,EQ,7.8,-1.89,213.88,0.02,0
ABAN,BE,17.74,-1.99,103.54,0.01,0
SUNLOC,EQ,74.9,9.66,76.81,0,0
GROWWPSUBK,EQ,87.3,-0.38,6.26,0,0
ITL,EQ,327,2.7,104.78,0,0
THAKDEV,EQ,152,-1.41,136.8,0,0
LAXMICOT,EQ,13.42,0.07,23.01,0.01,0
GROWWMOM50,EQ,11.02,-0.18,28.7,0.01,0
VMSTMT,EQ,49.72,-0.26,246.77,0,0
SGBJUN30,GB,15201,0,3888.21,0,0
SGBJAN29IX,GB,15199,0.38,4361.94,0,0
SGBAUG29V,GB,15148.26,0,3473.11,0,0
SGBFEB28IX,GB,15148,0,614.94,0,0
SGBJU29III,GB,15111,-0.29,2235.27,0,0
SMALLIETF,EQ,18.4,0.11,9.14,0.01,0
AKSHARCHEM,BE,293,-3.32,235.37,0,0
GEECEE,BE,360.05,-2.37,752.93,0,0
JOCIL,BE,148.5,0,131.89,0,0
SUNSHIEL,EQ,1239.9,0.97,1090.47,0,0
AARTECH,BE,51,0.35,162.03,0,0
AVG,BE,198.98,-0.02,372.25,0,0
DELPHIFX,BE,6.57,-1.35,161.14,0.02,0
HALEOSLABS,EQ,1448.1,0.74,437.8,0,0
TOYAMSL,EQ,0.69,2.99,39.87,0.22,0
BLUECOAST,BE,24,0,47.23,0.01,0
INVENTURE,EQ,0.91,1.11,95.55,0.16,0
ICDSLTD,EQ,38.81,-4.1,50.56,0,0
HDIL,BZ,1.55,1.31,73.47,0.09,0
NGIL,BE,41.54,1.99,72.85,0,0
AUSOMENT,EQ,141,-2.35,192.09,0,0
GVPTECH,EQ,6.94,-1.14,126.76,0.02,0
PARNAXLAB,EQ,123,2.8,141.27,0,0
HDFCNIMEG,EQ,131,-0.6,123.11,0,0
GATECHDVR,BE,0.51,2,9.67,0.27,0
PNC,EQ,18.7,3.31,27.05,0.01,0
RUCHINFRA,EQ,5.9,1.55,139.25,0.02,0
COMPUSOFT,EQ,13.29,0,105.16,0.01,0
IVP,BE,177.7,-0.16,183.5,0,0
HSBCGOLD,EQ,133.16,0,684.02,0,0
CCHHL,EQ,12.3,-1.99,201.06,0.01,0
EMULTIMQ,EQ,42.3,0.14,32.12,0,0
MOMENTUM30,EQ,31.15,-0.38,33.84,0,0
STARPAPER,EQ,146.97,1.03,229.4,0,0
CHEVIOT,EQ,1172.1,0.91,684.73,0,0
GROWWNXT50,EQ,74.99,-0.37,9.12,0,0
ADVIKCA,EQ,1.23,1.65,74.85,0.11,0
JINDALPHOT,EQ,1063.3,0.54,1090.77,0,0
KANANIIND,EQ,1.51,0.67,29.88,0.08,0
MID150,EQ,23.81,-0.25,13.52,0.01,0
BBNPPGOLD,EQ,148.05,0.17,337.25,0,0
LAMBODHARA,EQ,112.36,2.05,116.6,0,0
KHADIM,BE,97.4,0.34,179.01,0,0
NIFTYBETF,EQ,250.08,-0.27,195.33,0,0
ESENSEX,EQ,78.23,-0.55,14.86,0,0
SBIETFCON,EQ,124.9,-0.44,23.46,0,0
AGRITECH,EQ,103,-0.47,61.18,0,0
HINDCOMPOS,EQ,411.05,0.37,607.08,0,0
GLOBE,EQ,2.01,0.5,90.53,0.06,0
HINDCON,EQ,22.49,1.63,115.13,0.01,0
BALAXI,EQ,24.01,-0.83,132.55,0,0
EASTSILK,BE,59.2,4.61,29.6,0,0
MOOILGAS,EQ,11.3,0.27,1.41,0.01,0
SMALLADD,EQ,18.47,0.16,7.97,0.01,0
ODYCORP,EQ,7.22,0.98,64.62,0.02,0
KRIDHANINF,BE,2.15,-1.83,20.38,0.05,0
RUBFILA,EQ,67.99,0.94,368.96,0,0
MAHAPEXLTD,EQ,54,-0.17,152.19,0,0
DHRUV,EQ,26.3,4.61,49.88,0,0
PILITA,EQ,8.13,-0.61,191.06,0.01,0
TOTAL,EQ,66.7,2.5,107.57,0,0
LAL,EQ,8.72,0,150.63,0.01,0
APOLSINHOT,EQ,1197,-0.73,311.27,0,0
INNOVANA,EQ,312,1.58,644.59,0,0
GTECJAINX,BE,29.98,0,30.55,0,0
METROGLOBL,EQ,157,1.46,193.65,0,0
SECURKLOUD,EQ,18,0.45,60.14,0.01,0
CELEBRITY,EQ,6.99,2.79,45.12,0.01,0
VEDAVAAG,EQ,19,-0.78,44.58,0.01,0
DANGEE,EQ,2.95,0.34,45.42,0.04,0
MKPL,EQ,4.15,0.97,155.78,0.02,0
MARALOVER,EQ,53,-0.28,219.99,0,0
NAVKARURB,BE,1,2.04,112.21,0.1,0
3PLAND,EQ,31.75,-1.85,57.15,0,0
MOSERVICE,EQ,31.07,-0.73,6.06,0,0
ASHIMASYN,EQ,17.9,2.23,343.07,0.01,0
MAFATIND,EQ,124.22,0.01,896.42,0,0
364D110327,TB,96.1,0,7688,0,0
HDFCVALUE,EQ,126.2,-0.32,33.46,0,0
BBETF0432,EQ,1359.36,0.07,10532.21,0,0
AXTEL,EQ,412,-1.44,665.58,0,0
SAMPANN,EQ,26.21,-0.34,127.93,0,0
RETAIL,EQ,18.29,0.33,15.01,0.01,0
739TN34A,SG,94.08,-2,2822.4,0,0
ASMS,BE,7.02,0.86,213.81,0.01,0
RELCHEMQ,EQ,115.61,0.01,87.21,0,0
RAMANEWS,EQ,33,0.67,486.82,0,0
HGM,EQ,45.95,1.98,57.87,0,0
GILLANDERS,EQ,88,-0.55,187.81,0,0
ORCHASP,EQ,1.41,0.71,48.85,0.06,0
AMAL,EQ,751,-0.03,928.44,0,0
MONEXT50,EQ,74.57,-0.56,22.71,0,0
TCIFINANCE,BE,15.73,1.75,20.25,0.01,0
LICNETFGSC,EQ,29.59,0.27,1931.85,0,0
CHEMFAB,EQ,369.4,0.67,530.96,0,0
ISFT,EQ,81,-1.52,132.12,0,0
LOWVOL1,EQ,21.39,-0.33,287.07,0,0
DIVIDEND,EQ,35.84,-0.19,15.36,0,0
TARMAT,EQ,56.1,0.21,140.61,0,0
RAJTV,EQ,10.37,1.07,53.83,0.01,0
ARVEE,EQ,165.55,0,182.44,0,0
EMMBI,BE,82.05,-1.18,157.87,0,0
PVTBKGROWW,EQ,27.44,-0.22,6.92,0,0
NIFTYQLITY,EQ,21.78,-0.37,25.93,0,0
EKI,EQ,80.88,0.05,223.93,0,0
PRAKASHSTL,EQ,3.98,0,69.65,0.02,0
HEALTHCARE,EQ,21.62,0.32,13.98,0,0
MSL,EQ,150,7.91,164.7,0,0
PRAENG,EQ,19.46,-1.72,136.1,0,0
HISARMETAL,EQ,154.9,1.61,83.65,0,0
ORIENTALTL,EQ,5.12,1.39,37.64,0.02,0
BIRLAPREC,EQ,36.1,0.53,246.88,0,0
TAMBOLIIN,BE,255,1.67,252.96,0,0
SUMEDHA,EQ,41.7,-7.35,33.3,0,0
PEARLPOLY,EQ,16.11,-1.17,27.12,0,0
LCCINFOTEC,EQ,3.75,-1.83,63.22,0.02,0
VALUE,EQ,16.24,0,13.78,0,0
BANARISUG,EQ,3498.6,0.83,4387.14,0,0
ITTL,ST,65.5,-1.65,65.5,0,0
BRNL,EQ,17.75,1.72,149.01,0,0
RAJRILTD,BE,22.3,1.69,1240.06,0,0
1225IFL27,N0,6700,-4.27,13.39,0,0
INFRA,EQ,12.25,-0.24,11.14,0.01,0
PRISMX,EQ,0.54,3.85,23.71,0.12,0
MOIPO,EQ,48.52,0.19,6.07,0,0
XELPMOC,EQ,79.5,0.03,117.84,0,0
DRCSYSTEMS,EQ,13.14,0.54,189.32,0,0
MOTOUR,EQ,79.77,-0.65,22.14,0,0
BANKA,EQ,75.51,-4,82.55,0,0
VGCL,EQ,61.5,1.65,140.88,0,0
FEL,BZ,0.39,0,17.74,0.15,0
BANKBETF,EQ,58.51,-0.43,412.2,0,0
ACL,EQ,46.6,1.44,429.52,0,0
SHRJAGP,EQ,734.75,0.86,643.49,0,0
BONLON,EQ,41.75,-0.64,68.4,0,0
ANMOL,EQ,10.02,0,57.03,0.01,0
MOBANK10,EQ,16.9,-0.82,5.83,0,0
NECCLTD,BE,14.89,-0.53,155.6,0,0
SNXT30BEES,EQ,43.61,-0.27,6.73,0,0
HEALTHAXIS,EQ,167.89,-0.02,25.26,0,0
SHREYANIND,EQ,132.89,2.05,183.72,0,0
NAGREEKEXP,EQ,24.23,-0.12,75.72,0,0
KSR,EQ,28.36,-3.21,52.12,0,0
VIPCLOTHNG,EQ,20.59,0,185.58,0,0
VITAL,BE,52.15,-3.43,124.9,0,0
MITTAL,EQ,0.91,1.11,40.4,0.06,0
THEINVEST,EQ,99.99,1.33,522.37,0,0
SNXT50BETA,EQ,97.09,0.49,34.61,0,0
NETF,EQ,264.51,-0.26,722.59,0,0
LEXUS,EQ,13.16,-3.09,27.36,0,0
CLCIND,BE,52.61,4.99,54.69,0,0
KRITI,EQ,66.5,-0.34,350.43,0,0
LIBAS,EQ,9.87,3.68,26,0.01,0
LFIC,EQ,138.21,-1.77,41.46,0,0
UMAEXPORTS,BE,21.7,-0.14,73.37,0,0
CHEMCRUX,EQ,88.4,2.04,130.91,0,0
GROWWPSE,EQ,99.55,0.23,17.48,0,0
SITINET,BZ,0.3,3.45,26.16,0.16,0
ORIENTLTD,BE,76.01,0,76.01,0,0
DCMNVL,EQ,174.5,0.39,325.93,0,0
LASA,EQ,7.15,0.14,35.82,0.01,0
MONIFTY100,EQ,25.64,-0.39,16.82,0,0
VIVIDHA,EQ,0.54,1.89,15.81,0.08,0
NEXT50ADD,EQ,75.02,-0.2,9.17,0,0
HDFCLOWVOL,EQ,20.88,-0.57,35.7,0,0
ASIANTNE,EQ,9.49,-2.47,23.67,0,0
PREMCO,EQ,385,1.76,127.23,0,0
NEXT30ADD,EQ,43.73,-0.05,47.63,0,0
ODIGMA,EQ,22.5,-0.62,70.33,0,0
MANUGRAPH,BE,15.33,-4.78,46.63,0,0
SHIVAMAUTO,BE,16,-1.42,210.39,0,0
ISTLTD,EQ,660,-1.03,769.83,0,0
NICCOPAR,EQ,76.99,5.47,360.31,0,0
WEIZMANIND,EQ,77.1,-0.25,119.46,0,0
SUPTANERY,EQ,7.2,5.42,77.74,0.01,0
ACEINTEG,EQ,17.55,-1.29,17.9,0,0
MOHITE,EQ,2.65,6.43,53.26,0.01,0
GKB,EQ,69,6.15,34.78,0,0
ABSLMSCIN,EQ,29.7,-0.64,11.21,0,0
QUALITY30,EQ,21.13,-0.47,2.88,0,0
NOIDATOLL,BE,4.03,0,75.04,0.01,0
PBMPOLY,EQ,63.8,0.47,43.89,0,0
GILT5BETA,EQ,66.76,0.5,26.33,0,0
CEREBRAINT,BZ,2.62,1.55,31.75,0.01,0
MSCIINDIA,EQ,30.24,-0.1,1876.37,0,0
IL&FSTRANS,BZ,2.08,0,68.42,0.02,0
MOINFRA,EQ,59.69,-0.17,3.02,0,0
INFOMEDIA,EQ,5.49,4.37,27.56,0.01,0
BSLSENETFG,EQ,78.31,-0.09,272.82,0,0
MTEDUCARE,BE,1.95,2.63,14.08,0.02,0
URAVIDEF,BE,106.5,0.47,121.41,0,0
VIRTUALG,EQ,0.42,2.44,23.78,0.08,0
SVPGLOB,EQ,3.75,-3.1,47.44,0.01,0
ALFREDHE,EQ,3151,-0.01,243.08,0,0
MOQUALITY,EQ,204.56,-0.17,41.66,0,0
MSCIADD,EQ,29.83,-0.67,2.77,0,0
GOLDENTOBC,BZ,26.15,4.64,46.05,0,0
LICNMID100,EQ,64.48,0.48,682.77,0,0
UNIINFO,EQ,11.25,-3.76,12.03,0,0
MADHUCON,BE,5.47,0,40.37,0.01,0
MAHESHWARI,BE,72,0,213.1,0,0
RADAAN,EQ,3.06,3.03,16.57,0.01,0
TRANSCOR,EQ,24.73,1.94,79.17,0,0
GINNIFILA,BE,45.7,2.33,391.42,0,0
USK,EQ,21.98,0.69,121.67,0,0
MOALPHA50,EQ,56.07,-0.3,3.53,0,0
GROWWLOVOL,EQ,10.53,-0.19,4.08,0,0
NIRLON,EQ,625.4,0.63,5635.98,0,0
EBANKNIFTY,EQ,57.93,-0.31,3.14,0,0
TTL,EQ,6.11,-0.65,157.83,0,0
BANK10ADD,EQ,16.88,-0.65,309.59,0,0
CINEVISTA,EQ,14.57,-1.55,83.68,0,0
VISHAL,EQ,18.47,1.93,457.34,0,0
DPWIRES,BE,162,-0.41,251.11,0,0
BANK10BETF,EQ,20.88,-0.43,24.82,0,0
MIDCAPBETA,EQ,236.72,-0.45,13.42,0,0
JENBURPH,EQ,1040.2,-0.47,459.07,0,0
HALDER,EQ,293.31,-0.55,364.82,0,0
SGL,EQ,9.61,-3.03,25.94,0,0
TVVISION,BE,4.03,2.03,15.61,0.01,0
NEXTMEDIA,EQ,3.98,1.79,26.62,0.01,0
KAMANWALA,EQ,16.26,20,22.92,0,0
TREEHOUSE,EQ,6.27,5.73,26.53,0,0
ASPINWALL,EQ,236.24,0,184.7,0,0
TIJARIA,EQ,5.57,0.36,15.95,0,0
BYKE,BE,31.05,-1.4,162.33,0,0
SONAL,EQ,87,-2.92,128.23,0,0
SAPPL,EQ,303.5,4.84,268.62,0,0
ALANKIT,EQ,8.17,0,221.54,0,0
TOKYOPLAST,EQ,79.9,0,75.92,0,0
BRAHMINFRA,EQ,173.9,1.83,504.63,0,0
ENIFTY,EQ,24.46,-0.49,16.07,0,0
PACIFICI,EQ,141.16,0.99,97.3,0,0
LOVABLE,EQ,71.84,-0.28,106.32,0,0
SHYAMCENT,BE,4.89,1.24,103.75,0,0
EMETAL,EQ,13.13,-0.15,7.45,0,0
RRIL,EQ,17.81,1.54,215.88,0,0
BPLPHARMA,EQ,1553.9,18.89,1070.94,0,0
ASHOKAMET,EQ,13.69,-0.58,34.22,0,0
HAVISHA,EQ,1.42,1.43,21.8,0.01,0
BIOFILCHEM,EQ,31.73,0,51.64,0,0
LGHL,EQ,179.43,1.02,898.81,0,0
SHRENIK,BZ,0.32,3.23,19.58,0.04,0
JAIPURKURT,EQ,27.43,0,52.37,0,0
PRUDMOULI,BE,13.81,0,44.54,0,0
VIJSOLX,EQ,696,0.51,222.81,0,0
MOLOWVOL,EQ,36.95,-0.73,85.96,0,0
DTIL,EQ,134,0.65,140.8,0,0
MIDQ50ADD,EQ,25.55,-0.39,101.09,0,0
SEYAIND,BE,12.72,1.92,33.8,0,0
TFL,EQ,11.55,1.85,63.66,0,0
MON50EQUAL,EQ,33.69,-0.38,158.98,0,0
SAMBHAAV,EQ,6.41,0.94,122.5,0,0
KAKATCEM,EQ,110,0.47,85.51,0,0
FLFL,BZ,1.2,0,24.21,0.01,0
HEALTHADD,EQ,16.67,0.12,17.85,0,0
MOMNC,EQ,33.63,-0.15,2.52,0,0
MURUDCERA,EQ,30.4,-0.3,184.06,0,0
AHLWEST,BE,535.8,-4.99,624.27,0,0
824GS2027,GS,105.9,-0.09,102075.47,0,0
ALKALI,BE,67.71,0,68.95,0,0
BSL,EQ,124,0.23,127.62,0,0
FMNL,BE,8.8,0.8,53.37,0,0
SIMPLXREA,EQ,123.61,-5,36.98,0,0
ATAM,EQ,61,0.54,69.92,0,0
DEEP,EQ,36.8,2.19,88.98,0,0
HYBRIDFIN,BE,18,3.39,52.99,0,0
TEAMGTY,EQ,236,5.26,212.24,0,0
TICL,BE,9.61,0,148.96,0,0
BILVYAPAR,BE,4.28,4.65,13.42,0,0
SHIVATEX,EQ,163.6,1.06,212.07,0,0
ASSAMENT,EQ,807.5,-5,116.26,0,0
MODIRUBBER,EQ,115.1,-1.71,288.22,0,0
NAHARCAP,EQ,255.95,0.13,428.62,0,0
IMPEXFERRO,BZ,3.71,1.92,32.62,0,0
MOMETAL,EQ,13.14,-0.08,1.64,0,0
VGL,EQ,57.7,-2.7,297.32,0,0
ALMONDZ,EQ,14.4,1.41,251.86,0,0
MCCHRLS-B,EQ,690,1.91,903.93,0,0
SUMIT,EQ,53.57,0.11,256.38,0,0
ENEXT50,EQ,74.5,0.17,8.41,0,0
PANCHMAHQ,EQ,329,4.44,627.68,0,0
MAKERSL,EQ,160,4.86,94.41,0,0
GLOSTERLTD,EQ,629.55,1.58,688.93,0,0
LOWVOL,EQ,209.05,-0.26,43.97,0,0
CONSUMAXIS,EQ,124.49,-0.19,13.75,0,0
ANKITMETAL,BZ,1.5,-1.96,21.17,0,0
ARYAMAN,EQ,599.9,0,734.7,0,0
BANARBEADS,EQ,113.6,1.66,74.95,0,0
SENSEXADD,EQ,80.09,-0.29,3.87,0,0
CREATIVEYE,EQ,6.31,1.61,12.66,0,0
PREMIER,BE,2.7,-0.74,8.2,0,0
SHBAJRG,EQ,184,1.58,165.6,0,0
SETF10GILT,EQ,265.22,-0.3,3305.8,0,0
BLUECHIP,EQ,1.87,1.63,10.34,0,0
SHRADHA,EQ,34.31,0.5,277.9,0,0
ARCL,EQ,236.4,0,189.12,0,0
PALREDTEC,BE,52,-2.05,63.61,0,0
GUJRAFFIA,EQ,41.2,-0.29,22.27,0,0
ORTINGLOBE,EQ,15.1,-4.97,12.28,0,0
ALUFLUOR,EQ,442,1.83,345.67,0,0
OPTIFIN,EQ,11.91,4.02,89,0,0
BEEKAY,EQ,433.95,0.65,827.63,0,0
ARSHIYA,BZ,0.96,3.23,25.29,0,0
HYBRIDETF,EQ,10.15,-0.2,14.55,0,0
KARMAENG,EQ,39.61,-2.25,45.83,0,0
990SCL26A,NL,369,13.47,2.74,0,0
VIRAT,EQ,350.4,4.6,508.9,0,0
RKDL,EQ,18.4,0.22,44.16,0,0
CRAVATEX,EQ,347.9,-0.6,89.9,0,0
AMBICAAGAR,EQ,24.69,3.83,42.41,0,0
SAGARDEEP,EQ,24.4,1.58,41.62,0,0
SPLIL,EQ,30.98,-0.29,89.84,0,0
ARCHIES,EQ,13.49,0,45.57,0,0
MOMGF,EQ,166.53,0.19,1.67,0,0
ABMINTLLTD,BE,53.39,-5,50.23,0,0
TRANSWORLD,BE,160,0.41,351.32,0,0
PANSARI,EQ,318,-0.2,554.81,0,0
DIGJAMLMTD,EQ,51.02,0.99,102.04,0,0
SAICAPI,EQ,149,-0.63,42.9,0,0
RRECL,EQ,146.45,1,385.29,0,0
VIVOBIOT,EQ,19.66,-0.1,43.63,0,0
JISLDVREQS,EQ,21.01,-1.27,40.54,0,0
LICNETFN50,EQ,272.38,-0.5,872.59,0,0
XTGLOBAL,EQ,29.97,0.98,401.97,0,0
EQUAL200,EQ,14.02,-0.21,20.07,0,0
ANIKINDS,EQ,43.95,2.78,121.98,0,0
LEENEE,EQ,7.06,0,39.38,0,0
SHYAMTEL,EQ,14.5,-4.23,16.34,0,0
ANTGRAPHIC,EQ,0.73,-1.35,11.32,0,0
DCMFINSERV,EQ,5.4,-2.7,10.14,0,0
TAINWALCHM,EQ,210.58,1,197.18,0,0
MOPSE,EQ,100.61,0,2.11,0,0
UNIENTER,EQ,97.5,2,678.07,0,0
SBIVALETF,EQ,14.93,0.13,5.95,0,0
667GS2050,GS,92.65,0.6,140413.96,0,0
BBNPNBETF,EQ,58.07,0,4.86,0,0
CIFL,EQ,21.31,1.77,833.34,0,0
COMPINFO,BZ,1.17,4.46,10.03,0,0
SETUINFRA,BZ,0.41,0,5.15,0,0
CGVAK,EQ,157,3.29,79.29,0,0
TWCGOLDETF,EQ,152.18,-0.1,27.17,0,0
NATCAPSUQ,EQ,148.69,-0.04,154.8,0,0
MUKESHB,EQ,147,0,102.47,0,0
NTCIND,EQ,146,1.07,211.98,0,0
SVGLOBAL,EQ,143.5,-0.08,259.49,0,0
IPRINGLTD,EQ,138.5,3.36,175.56,0,0
GSEC5IETF,EQ,66.66,0.5,20.86,0,0
TERAI,EQ,124,-0.48,85.3,0,0
RTSPOWR,EQ,105,10.84,96.27,0,0
702GS2027,GS,104,0.02,39520,0,0
RACE,EQ,102.73,0,177.28,0,0
MAGNUM,EQ,19.27,-0.05,131.83,0,0
SILLYMONKS,EQ,16.28,4.43,22.52,0,0
FELDVR,BZ,2.54,4.96,10,0,0
ANSALBU,EQ,76,4.4,56.12,0,0
IWP,EQ,34,-1.39,217.51,0,0
KJMCFIN,EQ,62.85,6.8,30.08,0,0
NKIND,EQ,61.85,2.25,37.17,0,0
GSEC10YEAR,EQ,30.71,0.33,80.35,0,0
DELTAMAGNT,EQ,59,-0.14,64.02,0,0
MONEYBOXX,EQ,58.8,2.82,410.48,0,0
MKEXIM,EQ,56.75,5.27,229.08,0,0
DNAMEDIA,EQ,2.68,-0.37,31.55,0,0
LADDERUP,EQ,50.9,3.64,53.97,0,0
NAGREEKCAP,EQ,24.5,4.26,30.91,0,0
ARENTERP,EQ,39.44,2.82,12.26,0,0
ANSALAPI,BZ,3.41,0.59,53.67,0,0
GILT10BETA,EQ,26.97,0.22,24.26,0,0
MINALIND,EQ,2.14,3.88,41.07,0,0
SGLRES,EQ,2.59,0,64.87,0,0
AURUS,EQ,4.71,0,13.89,0,0
EASTWEST,EQ,2.5,2.04,31.89,0,0
MEP,BZ,0.64,1.59,11.74,0,0